md3_id,label,d_0,d_1,d_2,d_3,d_4,d_5,d_6
row_0,0,-0.8667994716101535,3.8258133234079033,1.5756117074249303,1.5180219582814494,-0.8284468641145694,2.921653150419392,-0.3164074006318466
row_1,3,6.1057026019877725,-0.8176904706376102,6.274727575087759,-8.419198894050782,2.46283978296731,-5.236752023185928,8.093592202605906
row_2,1,7.534981230056172,8.918226478965213,-4.223531516801787,5.656687617950279,0.8288965110664126,2.4156491470589287,9.471980507003149
row_3,3,7.0171282711472545,1.1389298706157456,7.274456650166838,-6.7336887184123055,1.2925090749790897,-7.821982681237043,8.345291153519142
row_4,2,-10.309554897592347,-7.668671599161678,-9.211308645982239,7.6621087657704745,4.5578231466481505,7.501650111604593,11.743531793973448
row_5,2,-9.381532007773073,-8.064200452735488,-8.298289962100595,7.65372792830549,6.160347523400434,6.584967303799924,11.373580835463816
row_6,0,-0.5943533300869577,4.0968836512844184,2.9354464335136603,-0.8004421594943176,-1.139623537826842,0.6623180319309334,-2.2707626183817538
row_7,2,-8.32694740465774,-8.6482120020502,-8.38578192478318,5.24629213956775,3.958396489136022,8.858957714612375,11.725486637225863
row_8,3,5.379550848315381,-0.061553179574222794,6.03340210040577,-10.751368074220462,3.442872459961519,-9.046676922680579,9.55693991758306
row_9,0,1.028215474342634,5.032877889625927,2.1842504321902885,2.0370643444812373,-2.761729833575558,3.320223902510672,-1.9330658656864634
row_10,3,7.636321116899792,-1.469730695913454,5.996749902827477,-7.533644419364024,1.8632932171129328,-6.7511102421996885,9.29167442718917
row_11,3,6.30679704894359,-1.1042037152949273,5.590454421851571,-6.859488219397165,3.2312580480504707,-7.941651783798606,7.789254355192416
row_12,3,6.6849546564515006,-0.6971273229337176,5.148689710374824,-8.261001705770424,4.509257009097133,-5.718519209090048,8.829716852202129
row_13,2,-8.500157112112726,-7.406883322445747,-10.434756241792758,5.640622826853272,5.648103156034717,5.79380327548655,8.199313308613354
row_14,3,5.795376362359664,-0.28347545000143043,5.503930852068883,-8.127725869731833,3.3937207342427698,-5.968782485594105,8.66108433380508
row_15,2,-8.232784394035502,-7.483253396150369,-10.370091019964311,6.7573040760442735,5.697047941612485,6.787617226061446,8.749538520361
row_16,2,-8.775512800985803,-8.170830825803765,-8.176377005282534,7.586576659458485,4.17162974959279,8.269249307755143,9.756548109358828
row_17,2,-6.7125956877106345,-7.499945675907781,-9.605688523062499,7.8904038469172,4.522535788911864,7.084639841550524,10.195820454079664
row_18,2,-9.017753294076869,-8.627578170482888,-10.554887443834073,7.190726514234937,5.42068960148764,7.199889484931394,7.8583207286062855
row_19,1,7.6732415680649035,10.04268538819789,-2.00063688024953,5.689226304448523,-0.17859513382265957,1.6624052792754118,9.551029206231613
row_20,3,6.8360010526088395,-0.10085041443228049,6.615002717990733,-8.360877314807437,2.62596182986902,-6.499400349358671,8.284563223574546
row_21,0,-0.6376277690114565,4.091047047234421,1.1598009602392023,1.2845661577971987,-2.0377091507907785,1.7372500772107107,-1.276438003084805
row_22,1,8.314555239739823,8.495071688564463,-0.5943946665077346,4.3879228716173975,-1.0047872467447003,2.321448446335874,8.73777324445591
row_23,1,7.750344413122188,8.708954176718427,-1.3644016123179852,6.34256867104477,-0.17756433130754468,0.1596897028612565,9.035194504541298
row_24,1,7.453434566691211,9.632759609591597,-2.4757364404181814,5.472901480871672,1.6424835311859405,0.42301099072719406,8.945040719004565
row_25,2,-8.548011289014692,-8.34952612066114,-8.240189348599067,6.254248782208685,5.40176148271923,9.194691770161455,9.599876546685117
row_26,0,0.301937417889119,4.335617885722741,1.4194214430539969,1.5740969548844366,-0.9503131966069644,2.709583505755128,-0.8522490620845049
row_27,3,6.513005067809429,-1.5098080574515584,5.234623559757849,-10.00670535413435,1.4166754170554916,-7.24537800783836,9.7912425141948
row_28,3,6.135348259922737,-1.144539075205669,5.597132056371719,-6.819039513381275,3.2090222178705243,-6.651964401784449,8.257947902372411
row_29,1,6.4820711574938805,8.240612108128456,-2.767917960942453,4.191535468122683,0.1718265987982568,0.8256210573458013,8.537337974238236
row_30,1,6.4870469278854745,10.538238539876843,-2.6319534999604723,5.1738921676763,0.787747872981144,0.12026662232241825,8.734395929861828
row_31,1,7.747084492442439,9.371633116836062,-1.9497533692752747,5.901993018894099,0.5942364791709812,1.6452057408765903,8.927333392024348
row_32,1,8.558560509379392,9.297867335268498,-1.61118589334128,4.731594548697922,0.4762011205032171,1.380170606391723,10.361524012532858
row_33,3,6.550229496854653,0.21782781880133384,5.096680575449193,-8.403360642296146,1.6293246792284497,-6.029430485090696,8.31812234618556
row_34,1,7.418960933204902,8.996432215246697,-1.2072643178700064,5.661036864580413,0.06786885530247178,2.753409671312918,9.549518432903854
row_35,1,7.434225305730411,8.473172733935986,-3.374299121519801,4.977422572982127,1.2553605644045005,1.4127116113610674,7.632772137018145
row_36,3,4.653279423000408,-1.125907529549815,4.413155830090542,-6.148112229154951,2.388201733770148,-5.750752363425933,10.380160815077309
row_37,2,-8.872763890931639,-7.340192463853329,-9.652674918855674,7.529123684649213,3.736223640692492,6.9970546580868485,10.5217723684485
row_38,0,-0.4437478586324801,2.5975171368233774,4.006042916664668,0.38801147818628334,-1.9649783148330917,1.6650869012831966,-0.4707654189142402
row_39,1,9.164522862181276,8.45576211240436,-3.732516916523756,6.864939029068896,-1.469425217999873,0.13426956248203026,9.479378915903455
row_40,1,8.366638382177289,9.145013235992884,-2.6029411899751422,6.051680394291572,0.6561095761502409,2.7654367368183577,8.65837353633147
row_41,2,-8.6396413304346,-8.968454602760296,-8.875963880656153,6.403977604253722,4.832261433045623,5.758539736126598,9.848033393996056
row_42,1,8.656865952666406,9.943825660331497,-3.038675320995022,5.874267496239787,-0.9890963158035138,0.9095881847761196,8.777620740819456
row_43,2,-7.6886071546108665,-7.7444971591414085,-12.13687085888171,5.684314793294183,6.0402031113538746,7.044291471889576,12.112598465414454
row_44,3,6.48984031036286,-1.3926382266964188,4.087815435224922,-7.0775473620424485,0.9602436868804647,-6.4798969684126435,8.70492925886161
row_45,3,4.7338327694729285,-1.4801978550608623,6.315226246478999,-7.478920747652438,3.735215642804466,-6.36260337249186,9.034188992869913
row_46,1,10.182107046168156,7.994094102992328,-2.6967207134704827,6.7725933025589375,0.8746315675522021,2.190877380959749,8.015830431870658
row_47,0,0.8781196889035371,5.2139662355409815,2.37248573662418,1.6839916220469129,-1.9933231099578483,1.9734360054148725,-1.6583054679486988
row_48,1,7.429518288453111,9.997623714890551,-0.945908076762215,5.531402508229219,1.01893130233124,1.5396840876118256,7.712510366310124
row_49,1,8.95276533117826,8.754355005595734,-3.084874089665046,5.972190587556639,0.3709536845007977,0.6827957610923988,9.2659242328317
row_50,0,0.06750683258744195,3.8794697064704886,2.917863532761329,-1.757955433036996,-0.013575930648700218,3.4710143255407067,-1.2939597354063852
row_51,0,-0.6066683187885868,4.914166706555595,0.866408263648849,0.3908473056392493,-2.1232180516724135,2.8653149650635763,-3.184535580592657
row_52,3,7.0773382757784145,-1.8646537079764545,5.462946111214271,-6.502699525792883,1.1136914676765357,-7.63235101284111,7.4664406555646865
row_53,1,8.989644046135613,9.445759626513452,-2.3101076021423816,5.933955218684003,0.8052911701792171,0.3441525732688768,8.397157441082422
row_54,2,-6.8934865333829585,-9.905460212335365,-9.296918391201476,7.5630425831887305,5.533278897360643,7.28207218056979,9.429679132581816
row_55,0,-0.11679143018401072,2.8125297347427844,2.4946592226974147,1.064337155310466,-0.891872576329799,5.301027036197064,-0.3037762877557364
row_56,0,0.2715698026902613,5.247048052417885,2.80245585563751,-0.29128129526579927,-0.7536510358193057,1.734001621139805,-3.907428012742891
row_57,3,4.271201120240249,-0.7242776959856781,4.652209045502547,-7.7153230955650764,2.09456139056003,-7.903718552525637,8.412533000118948
row_58,1,8.880483391144285,9.872294736396771,-2.671861967362376,4.571327849568138,-2.1994607503693446,2.512625196659445,7.922703779343071
row_59,0,0.8266355382188243,3.8686337757267526,3.90453124991222,1.5699584169503722,-1.119442176980795,2.1479661868878064,-0.709006583454333
row_60,2,-8.55742147782239,-8.214874931939395,-8.06469970016466,6.744844646428569,5.464126707712932,6.349589128348892,9.26641426955689
row_61,0,1.871530351436425,5.67875139384138,0.7230558668383762,-1.0709610298480834,-2.186960333355988,3.0937012146291507,-0.7495654998363228
row_62,1,6.98129875482724,8.553314677878692,-3.224744025798637,5.678476870656004,1.626991582978099,4.531865995168825,8.701432403401133
row_63,3,6.479786482818323,0.24172043488094652,5.566443806881302,-6.016052158389361,3.3695302486802996,-7.6766282815018485,7.799483284257272
row_64,1,7.701327232873174,10.494640169479785,-2.52401145202841,5.801181478808139,-0.9529051023414039,1.567581733586649,9.04297527283128
row_65,2,-10.06954422394956,-6.761274369017553,-10.568034940545983,7.9986179841810605,5.095641845339156,6.537749665211648,10.19488598496028
row_66,2,-8.982738019463063,-10.087442556396995,-10.291467170543033,6.899162934938731,7.089092579881818,6.62747108195818,10.454423444018293
row_67,3,5.701595853534369,-1.3597994569199323,6.055364888136358,-6.612119160179266,2.300208807964367,-7.564348592923757,8.614396735688647
row_68,3,6.710346154354908,-0.8093180616051698,5.565984133003535,-7.374378577682568,2.7285639282942924,-6.882820344935946,7.871465016564749
row_69,0,-0.3302567731888215,5.961918007066578,1.9371034763043082,0.21748545594108648,-0.8605209311899911,2.4571624739445697,-2.5825142461489037
row_70,0,0.7535949780313406,3.950355578691191,0.4387933327818454,0.6058262971900741,-2.288396225033529,3.775806185625459,-0.10715390808857683
row_71,3,6.874535390687415,-1.325539100435813,5.438101208622148,-9.096249824838058,1.2496242895478111,-7.006365450288297,9.686385411689105
row_72,1,8.776377630216707,9.678459290343474,-1.8331172188015887,5.808308524309041,-1.1103316327133435,1.248425239319093,7.979442846644153
row_73,1,7.044936993808517,8.365955088495259,-2.1069174025187634,4.155812398824635,0.7928639856841823,1.4581104538815637,9.527598047395323
row_74,3,5.864584660784379,-0.28204216451170566,6.576519644188809,-6.211906733652301,4.7596474159154925,-7.20517301049074,9.204502787085332
row_75,1,6.982874168470947,9.296214965628538,-2.3423152353262866,5.845999661523354,-0.25977964684985655,0.769708118114216,7.844212479493821
row_76,2,-7.7966999552002845,-9.980642256685508,-7.79809266406758,6.295525382933162,6.108792342467037,7.551061171268976,9.316896058467512
row_77,1,6.333063446259882,7.49558825528688,-2.863872415464,6.925250496087791,0.23164894741077874,0.566254900807147,8.709900055798188
row_78,2,-8.42461000239593,-7.215845617150603,-9.634900042231438,5.703464100108997,5.695046774784421,5.419677373867442,10.341137489054756
row_79,2,-9.287663888380369,-8.27319322309018,-10.087362159207013,7.6065864918575254,6.107279771355017,7.847455052391213,8.956245721331802
row_80,0,0.7420542772019585,3.9563366749498265,1.4739990445725528,-0.7349708662965584,-3.0946717375303594,1.738724330695435,0.053172296918610584
row_81,2,-9.06252837852137,-8.254842823537675,-8.555545806139783,6.817040720485158,6.448322560205937,8.874007780074788,9.961460813521002
row_82,1,6.758360946237599,8.848591907587721,-3.161134221022407,7.245672825542903,1.3637022218892612,1.3034217034132511,8.120715713679205
row_83,2,-9.585315693962652,-9.078963831572317,-11.143886374042527,7.1843715499659515,6.8237038640391585,7.299849461535016,9.172018029641858
row_84,0,1.3280501892278533,4.683022860983977,1.585234638732003,0.6809321893623982,-2.4570605157462264,2.739293169245794,-2.7986851198296314
row_85,0,1.7441724862791987,4.893667148182909,1.691408711462088,0.09203715239856902,-2.6452159375435373,2.7868282497917103,-0.11517589518642835
row_86,2,-9.059527871037186,-7.321306455859487,-8.786451754340323,5.454304030767722,5.96979210646389,8.601940820603888,9.719801246306254
row_87,1,7.527768738274593,9.542279283196834,-1.8062517598385628,7.101912416471949,1.0773966285267482,1.2988380960803116,9.771099895464035
row_88,0,1.4216633294412924,3.9113983292987533,-0.9908755333670487,1.4409755513254565,-1.087861055549863,2.6983412330019094,-2.3322923954180848
row_89,0,-0.5685010182311165,5.491817119800691,2.3722101333577275,1.818522483718756,-1.2081763602788842,3.774712873235814,-1.8992813680462972
row_90,0,1.970664469861994,5.622924203749966,1.1728487028829595,2.0262577244525053,-1.030903066877943,3.6892882100099684,-0.21881694596338308
row_91,3,4.125688012739933,-0.3878146182179002,4.7236791994452325,-6.756207724888805,2.88487295055807,-6.885227873352248,7.875099015424826
row_92,2,-9.383129240073782,-9.03170908645599,-9.865021829644725,7.477769143046276,5.264811850001175,6.477419649939554,8.121028346464257
row_93,0,0.5913902693652195,4.398138916765464,2.013096070142299,0.6107764675480292,-1.5885304153175528,2.810576985041948,-1.967860163297943
row_94,2,-9.217119392515846,-9.921586991135358,-9.722201382832875,6.288959130842709,6.342186239130001,5.890581358868083,9.29497545291217
row_95,1,7.759809545053171,9.694173494196242,-2.084567437223111,5.208943726544039,1.5700352235765944,3.2659548624386634,8.497155546193376
row_96,0,-0.3704474272510603,4.997560480138523,1.8956940832866112,0.7639621002694976,-0.44916020724564265,1.7910564525763792,-1.978933527610975
row_97,1,6.493963290058551,9.75015357894281,-2.1827200421043673,6.363545999987723,1.0005270167669145,0.0011104963748320706,8.470531954295254
row_98,0,1.3310277716597132,4.920673881841669,2.0638954203504545,1.4246678683925964,-1.0731221005862213,1.0881418503285913,-1.2112500528360006
row_99,1,7.448589168790948,8.762962470386958,-2.1472441291441355,5.449011001277683,-1.0239376539144482,0.4737102800336055,7.579143724346783
row_100,0,0.058265308727449616,4.556283954525262,2.8755893186942996,2.2576122016174214,-1.6172860204988522,4.285479501139836,-0.21384588826463213
row_101,1,9.517036731908922,8.480968548214442,-2.8627755314959002,6.20034954957015,1.8757236620316742,1.842006348267481,11.271287879874803
row_102,1,8.183629250883403,9.93651329969976,-3.4357862210109165,5.803564504379333,2.156763589474577,0.5653906718253547,7.945492912121002
row_103,3,5.682076497811058,-0.23342484048500145,5.196779536679443,-8.73143645435445,1.8710574984775106,-6.244595389822229,8.368636386029458
row_104,1,9.443982171590317,8.711676460417365,-2.1238988765108266,6.1422333363327235,0.7371488634317911,-0.597657733257893,7.065511701869892
row_105,2,-8.24326309338027,-7.370922466609569,-9.867763807211693,6.937187510093124,5.253757426113648,7.371714095101965,9.24763657957232
row_106,3,6.491470469928444,-0.18704474812006433,6.537188294037714,-5.834048720161108,1.603316653087001,-6.616426807537312,9.302673337632633
row_107,0,2.932182386797189,4.693880650136316,1.402858939045858,0.5067102847503357,-1.0331622358727168,2.8017783222987562,-3.2789402425276446
row_108,3,3.789487932639811,-0.9475501382566867,4.719854342667612,-8.555137855638204,3.7203552307750543,-8.228605480791584,7.800481734665648
row_109,0,0.528104715865787,3.654449399718002,2.0318444164114258,1.976858388050426,-3.5311197287208205,3.2947587821840156,-1.7939677487639325
row_110,3,5.968166197303106,-0.883824385584097,6.691127652754595,-9.242188061664512,3.25458403790561,-8.077804449207083,9.464166870373251
row_111,0,2.442848794120673,5.156339266909622,1.456613584509892,-0.2182333260224576,-0.7602408315768193,3.2741750788054116,-3.016794225423181
row_112,2,-6.745843474226583,-7.9017104902452004,-10.072918321596715,7.11877648534074,5.468742512585824,6.417124781190674,8.674044873223265
row_113,1,8.3755544761664,10.005679219775462,-2.706392024245118,5.542858775301447,-1.1631244133008127,0.5805868153771063,8.783045562299936
row_114,1,7.854251807415852,8.67947776224192,-4.343049942729154,6.424204367228016,-0.31847132749409146,-0.6018407872621063,10.096753293202239
row_115,2,-8.01127147681584,-8.174802973812984,-10.417166568213013,6.671319014840956,5.481100865851525,6.443084866660971,10.586338998767443
row_116,3,4.375851125100413,-1.7363666137832328,4.886272206497986,-8.407703992844775,1.3084874183289845,-8.007596773807917,8.208976784851252
row_117,0,1.316235062347757,4.288105215845835,2.216195689731101,0.7070101663565375,-1.9217535272553556,2.6501487244391564,-2.376267106216157
row_118,2,-8.96743302852451,-8.317342008640276,-10.39554567433415,6.432321131138405,6.871803771349189,7.374444406681895,10.717629017674506
row_119,1,9.428230770059077,9.014682578343816,-2.0228383775251,4.456417294589214,0.26592228714187577,0.5206008263993392,7.505101013554237
row_120,0,-0.5599736077307287,5.792039521243989,3.9511566974634613,2.0764432310975875,-1.7068288490342562,1.8471296398225803,-0.1938040478150136
row_121,2,-8.175382815206287,-6.320701543566633,-11.047537580625232,7.034599698744054,5.768221644228863,8.561776768495498,10.563276018340126
row_122,1,8.34829647323435,8.946936747862269,-1.7284619670551158,5.239850991932887,0.3219407258438204,1.0128448422360263,7.729565798951131
row_123,3,4.13404055705902,0.6395393834547831,4.240724023776166,-6.855050951362275,2.9818490732180014,-6.845018819603793,8.309003065680356
row_124,2,-9.792146652251287,-7.973644451585839,-9.87782792788392,5.494193725774732,3.943775036099467,6.889202501356272,11.312996290550613
row_125,0,-0.19685332656766485,6.247408513097683,1.6416485406731307,0.15020884849717908,0.3960380132584793,4.398397052767547,0.6193031856804196
row_126,2,-7.991053906924325,-8.044826959531648,-8.04860055420264,6.592109377319641,5.841216066964953,6.757290411583491,9.72248207166141
row_127,0,-0.975534022935107,3.643895597718892,0.9154650660061039,1.6826211811784368,-2.0812136397932064,2.4472446031783313,-1.4652053446827993
row_128,3,6.127277769457703,-0.5369546752790451,5.722455922625406,-8.310214625992987,1.4278485085897885,-6.822369541398594,8.386341708866233
row_129,3,4.403240754663347,-3.60242462485035,4.527156865464828,-7.765131878616455,4.199109460993478,-7.784590460876853,9.39819379733218
row_130,0,-1.0937149464670375,4.730046058226491,2.7321755564631234,0.2602266343857078,-1.924175827550703,2.785001683746167,-1.5460466541478786
row_131,2,-8.422802579095963,-8.47375798426491,-9.152785937446746,6.870793984088698,5.218938562529628,7.147532292894775,8.70350429778933
row_132,0,0.06344785310233647,5.4208036155442425,0.7393601109213568,0.43607905512322787,-1.5951456185465367,4.63122498298249,-1.9930105967945901
row_133,0,3.0407629399058145,4.193246670215918,3.0754402331486776,0.20561381215354568,0.009473041023892348,3.2042259502254025,-0.6394119402706995
row_134,3,5.697212132849298,0.726498238579464,6.793703083060816,-6.915614317093044,1.582343845804616,-6.992262348511111,8.149706166290805
row_135,1,6.252965537659835,11.516857104603227,-3.753964532110788,7.75682551709769,-1.5371576201297188,2.766256660603066,10.129987034853446
row_136,3,5.972035656993804,0.5736616197320639,6.110600221586411,-9.066309260686372,2.1694397189592083,-6.062861739748095,8.2722956432903
row_137,1,8.391422695351393,10.165729097352116,-2.7534844476097162,5.9392147910865765,0.8059517201821559,1.5623711685830786,9.052706351153612
row_138,2,-9.345983690579162,-9.261736718183798,-10.59382377942535,5.279354360007865,4.495393007977903,9.161509092356244,10.326462508311524
row_139,0,1.331751871290264,5.118307149936256,2.114193110614508,0.7126099889285953,-2.334552500838261,1.471347561769735,-0.4479578254061227
row_140,2,-7.600711538596219,-9.36689155960533,-10.143150151872916,7.318364057028298,3.0285805569127793,6.025058485619141,10.073359076835228
row_141,2,-9.183118388838412,-9.406968069226304,-8.497328510460973,6.514557732362666,5.588520623403468,8.010634729241795,9.858379371633399
row_142,0,0.773373237779828,4.193904548139076,2.268747570343047,-0.3109099937952844,-1.7689238430921248,4.436143431688828,-1.632901197888668
row_143,3,5.772982470537709,0.5503816311865515,4.318582274681981,-8.153190169909928,2.5150226520942245,-6.316399372045302,8.895763538906913
row_144,2,-8.11097392835267,-8.144676064733448,-8.938364360888707,6.005343384576001,5.734378564149222,7.439151670792597,10.198931095400642
row_145,3,6.796623529448578,-0.2971221600265636,6.36444920929141,-8.52269969370685,2.576846028346476,-6.708681633718202,8.044305468298017
row_146,3,5.328601149336887,-0.5631953615304097,6.194153452638412,-4.705415240857475,3.0212787496539635,-6.156896726450146,7.336444408482417
row_147,0,1.253141984392623,3.3326827570039055,2.370084725948702,1.7192493719877326,-1.5216113669225446,3.7184470647641197,-1.1699955995844888
row_148,2,-7.970316494387737,-9.848861881427217,-9.59240983475033,5.594923263157231,5.007149987118042,7.426981347611019,9.755817098236857
row_149,2,-8.33611062063977,-7.867049062460563,-8.007101360095952,6.141470729726497,6.337863338064171,5.59209903843813,9.98370108755289
row_150,3,4.904810193517691,0.291187415093898,4.425696081157339,-9.439763171251757,3.628806431890869,-7.654630776766887,9.670985622333918
row_151,2,-9.806915256452669,-8.21928662187425,-9.082914527721087,6.720996138439421,5.290858917851929,6.910517942563355,9.29307017537691
row_152,2,-8.162235333074658,-7.56953261479443,-9.545774784593663,8.000432691383478,6.470833816984908,10.080813805705382,9.371558330659616
row_153,0,-0.0837457441750522,4.167837626770069,3.1921588840355732,0.9953886276527925,-0.9439503334686118,2.5184332320702474,-0.8781998868986315
row_154,0,0.2884324675178127,3.0897099243542696,1.6143448891402865,0.6173081647534278,-1.8915975576135908,3.0745861166054866,-0.6697342770172718
row_155,1,8.539571037783176,7.77757569376357,0.19519861687155293,7.604422149850025,0.4096841722910146,1.7388013236171207,9.83629151584906
row_156,3,4.7216795375438565,-0.2564085751252996,6.698129841196003,-6.895206949488309,3.4175753481559656,-9.00724774856014,7.993491864248194
row_157,2,-8.112988792492072,-6.542582397293142,-10.427818085343548,6.8247360501879495,3.9139180445798774,8.798805057061918,9.17445474606444
row_158,0,1.218388039531618,3.415067070094759,2.992009984968135,2.30999136597538,-3.8964909184485084,3.781934561830771,-3.487859833407887
row_159,1,5.950874170662146,7.327552126856627,-3.2439531176197374,6.054010317446337,0.9709613290381803,0.4219096492008605,9.528953757266466
row_160,0,0.6671556337747863,4.070320665904697,3.787988708352011,1.5821647667971273,-1.1560790119408033,3.0599440665203583,0.2717390860196225
row_161,1,7.760655032961253,9.285487193659403,-0.7619100089485411,6.524929786036341,1.3745705034227602,0.7029651293418505,9.480815404416271
row_162,3,5.75834472306432,-1.3466545711682663,6.185192443021681,-8.124339701468603,3.4572225682419897,-7.7298513636022665,8.670419158021298
row_163,1,6.803977555326337,7.843263951335138,-2.3928076756566603,4.401765271719183,0.6654298659797596,2.2996380975609556,9.119044437769267
row_164,0,1.3259245355396692,3.539643403541947,0.6174760476312995,2.262195508040408,-2.216353197771843,2.2655886613981036,-1.7694450870472611
row_165,2,-9.64297442706781,-8.688510343479942,-9.02288068433627,7.329953944546477,6.870318864078267,6.932801955310476,8.712213459730618
row_166,2,-9.000606423366943,-8.726724742248292,-8.71993637241398,5.287234033733592,7.510233661817367,6.920000923198159,9.049115901270387
row_167,1,7.663259222944712,10.003607000397606,-1.226591149912969,4.819674853918851,-0.02443345852477341,2.282299619689227,8.97274724300205
row_168,1,8.075327121536873,9.432213884146229,-2.1383056679340595,4.677483480837424,1.348571449521432,1.2304514880953183,10.333847863713627
row_169,2,-9.075074330587471,-7.040836292226245,-9.934314236638883,8.687159454979914,6.617312927935932,8.351076661940182,10.131665826046167
row_170,1,8.53484049922941,8.212032922574677,-2.5536466337273658,4.97558085384562,0.6288526720693782,-0.43333804961107525,9.838394408218914
row_171,0,2.024242234514548,4.588066998255605,3.797936302088509,0.6750579789896164,-2.4399832312637018,1.2366640458386893,-2.1372271328416
row_172,2,-10.758210356237171,-8.887064432909366,-10.248916753121375,6.730910936132937,5.980935602203091,6.160026628528612,10.472421087419354
row_173,0,-0.019942561824571103,3.085848815855239,1.7503038835784575,1.926599152532791,-1.5991910207819102,2.3172247036753344,0.30398740530241053
row_174,0,0.011658064812766655,3.521158171620865,1.9448782224059902,-0.15696480404707702,-0.7066561758972242,3.38101259065173,-0.9691600103536968
row_175,3,6.188968088068551,-2.076934277863964,4.63720755817236,-7.395424402247737,2.1905329802685225,-8.066250492045993,8.85890329490328
row_176,2,-9.187569986123757,-8.898139730159384,-10.729943644915712,7.429673874726716,5.272093555723983,7.954370543263152,8.902240946927986
row_177,2,-9.108148689598377,-8.08370215298216,-9.029086735375273,6.798701356959804,6.061861977308941,6.662311184695152,8.368631652455502
row_178,2,-7.652720535075165,-7.699332125350519,-10.712581604940208,6.617100171355845,5.8043389832159615,8.528026595064183,10.453497941754915
row_179,3,7.5259676226275225,-0.7708300813539832,5.984738611699911,-7.224959704383644,1.9988269268799868,-5.621294901934753,10.599846588252667
row_180,1,8.074605596295381,10.671151471107322,-2.2759982687042135,6.13347821777231,2.226402405326268,-0.18912296747950208,8.056107418053852
row_181,1,7.383109740072502,9.592687043352116,-2.468948837770216,4.877353288502275,-0.7705259240636122,0.9593336773793022,8.043456721173497
row_182,3,4.597893700567273,-0.6682344279973923,6.115578247509119,-6.305550735068112,3.016323813672146,-7.792645499028742,9.367386208268707
row_183,0,1.1650486753403235,4.827678351282596,2.143689608477539,0.5867774882394652,-1.429503846953122,3.316928606973253,-4.020848531172801
row_184,3,6.278950372841359,0.0721760415156173,5.856199953630884,-7.667507962886002,1.2364060847212106,-6.126827184721525,8.849333443615736
row_185,1,8.900775507739588,10.258572718960453,-1.5642499538232464,6.237126292783327,-1.1979896049037402,3.0301420282556144,8.813921976210773
row_186,1,7.776873464507733,8.955712116090387,-3.9635929255524287,5.76736660703877,2.067254357132569,1.8821949701543594,9.12385995858438
row_187,1,9.07877940009675,10.08592925212963,-1.7439102440846195,5.329142444388882,-0.2378931469358826,0.8533736202212887,7.460052663301546
row_188,3,4.613780160287314,-1.5367403539049462,6.892094866093242,-5.720281785558521,1.1324643497527584,-5.50628468951749,8.681940050146121
row_189,3,5.757048814570515,1.155392982518164,7.562344537996922,-6.394570932793975,3.737005562800245,-8.152185401324202,9.4059405724178
row_190,1,8.591200304536137,8.734122573267596,-3.080859968187342,5.867309509267003,-2.004898237911856,0.20694085822663633,8.163970909932376
row_191,0,0.6672571094993729,2.6277835211184133,3.207599086215998,1.977282251974758,-2.3402682724261084,1.4514579335306088,-0.7271908982933917
row_192,1,6.354214053444296,8.00069707498827,-0.8124102865208653,4.663340300203211,1.3423958480916223,1.0925184866692645,8.342174471950734
row_193,3,7.706867560001733,-0.05739652523042538,5.936383139369734,-7.509741961578123,1.7857473027818858,-8.160231128894534,9.216734872471937
row_194,0,0.23670708215518177,5.846801922855126,0.7624106117094294,1.1647145292871197,-1.566186831449401,1.7497887635919254,-0.7249791142143965
row_195,2,-9.896453624848055,-8.067711393889189,-7.893061898951694,6.7200311410256806,5.100113264887958,7.84726712182206,9.678086840122436
row_196,2,-8.36403836840265,-9.263779527647735,-9.778537032050437,7.5486453363149195,5.570752517315167,8.287107651519143,10.676060802117432
row_197,3,4.832733514515962,-1.606524134442132,6.252794469058534,-7.375713915280727,3.8386593908000357,-7.319625173933682,7.749736945149828
row_198,1,9.258443512157701,9.669341794977147,-2.922572291292556,6.95891994616366,1.333294090721427,2.228298633233564,7.855469090881689
row_199,3,6.4652518930066725,-0.8253009396957516,6.13314112772792,-8.90085415958429,2.7369256622655906,-8.52271527071528,6.939699778372272
row_200,2,-8.826072393831014,-9.33675717199418,-9.709857602643666,6.665636678626294,5.441190091396732,7.7393022208788125,8.982734802704252
row_201,0,-0.34212579109823915,3.9330833242279364,1.1096517258765866,-0.03507725085644098,-2.789972362324181,3.3703713539727693,-1.1503596293335232
row_202,3,7.942733289540239,0.17190155333560364,3.60545809907696,-6.879461802365448,1.4018851889773196,-7.892429742248136,8.642621664231529
row_203,2,-7.322059185213267,-9.740297363543228,-10.9050441975245,7.4702587421437565,5.8013352110190475,7.505475101995658,9.480707436554898
row_204,0,1.5903494488925753,5.225993999014917,2.4316930525885074,-0.20173713064625765,-1.2286658390158494,4.244268158020153,-1.9428236344775156
row_205,0,1.3810318905869925,4.5276308907613005,2.384890503560616,2.1836476670182297,-3.0339024114361774,3.594342993694746,-1.6302647303239706
row_206,3,5.194069104077821,-0.7691642991528764,5.450643737972065,-8.46646897583846,2.200269974033991,-8.652973537011135,9.311232044209003
row_207,2,-7.985812916439023,-8.24722848725711,-7.397335712522993,5.661725980331611,4.560466431627218,6.4233475782010565,8.982786922110066
row_208,0,0.163123796502041,2.577504725116713,2.232693663686631,0.49588272372967496,-3.1571023601879498,3.380664516858897,-2.1555541391293924
row_209,3,5.8290988859096355,0.423198925807835,5.512422314523178,-8.521125742677448,2.651066761967633,-6.073127956885298,8.919624958853266
row_210,1,8.48051528910147,10.285097643014776,-2.989120668245614,6.302885995930343,2.313777392743802,0.6931785013080868,10.193854505926359
row_211,2,-7.408237771421773,-8.583974983648393,-9.6038419334631,6.129777494560282,6.606112613643385,7.814334318729977,9.065132382760359
row_212,1,8.77190574147271,9.238160033150915,-1.0660917853956795,6.04599777438517,-0.1270229574493562,2.040866066123748,7.815606111992138
row_213,0,1.0149006303866832,2.6470722251264363,1.0697567837487272,-0.57417134752565,0.12123091898565419,3.0821100168204567,-0.6809654968934808
row_214,3,6.177003021262884,0.3615923787359667,5.049602522597352,-8.997452429829345,2.0066639109070126,-7.400944035217184,8.39677013126216
row_215,3,4.6868108960590416,-0.8634368993855863,3.296810412556908,-8.477083184334344,1.2554989793961866,-7.5346979939455725,8.478146945170021
row_216,1,8.759256575955542,9.14068719536687,-2.6201748344386786,3.8358612860699193,-0.5681020314493546,1.4079573165371395,9.336489985417456
row_217,0,-0.05797276323796963,4.985381845730017,1.2518578572590369,0.2081138821877363,-1.9824365167392486,2.9353614203581797,-1.6022496859996342
row_218,1,8.106630200278905,8.471758324626212,-2.9783510553322063,6.306747911741141,1.508306891169205,1.1855748195516258,7.090012894212784
row_219,3,4.183400102867727,-1.8751029021469725,6.017713856812357,-8.263069062865926,2.3113289948386533,-6.233966857231012,9.404253162884096
row_220,1,8.372056536208417,9.677950665634887,-2.1397187514605336,6.715011960830402,0.12381803254248358,1.4468431953130305,9.263879353530417
row_221,0,0.3177171117414913,3.789553361508401,1.0372256461455132,0.8198089039970861,-1.1441715832096373,2.883639980801169,-0.1519089290803517
row_222,2,-7.558054092875098,-7.548718732858759,-7.144402332118409,6.4411909273272405,5.4427283803326,5.9209269849731285,9.240264567306456
row_223,0,0.7890862285206615,5.836566541806848,3.524626291333163,1.0526110856348532,-1.1487414936197318,2.0300965137030103,-3.229052242970077
row_224,0,0.47823762785419016,6.2333193812653755,3.0046883283586387,0.9852149013231277,-2.7523395320520736,3.76224523773467,-2.248471122135715
row_225,1,6.7872896088161205,8.412992758063067,-2.00286832848369,5.433202956519782,0.2612431000059818,1.9577977031265996,7.524646072395568
row_226,0,2.7621405724523305,4.43069942015201,2.4572568848775798,2.780814356994191,-2.874663074364352,1.6473972628473892,-0.2788590665881391
row_227,2,-8.765987947852041,-9.941931261394068,-8.789068283297226,5.817204220767278,4.61639460803982,8.548593545627508,8.661516467016629
row_228,1,8.061041679210398,10.662400525698514,-0.31710946856597744,5.527734985626287,0.17159526461302615,0.4968462307762762,8.3683532541369
row_229,3,6.654787856370381,-1.7445801899843532,3.990898960356408,-7.06188446541625,4.701038624920308,-7.908598359759043,8.705288602942028
row_230,1,7.780107467619205,9.009317861427899,-1.9783530169900672,5.681726338107883,-0.7207883271050015,2.6369665678848335,9.836946818740035
row_231,1,7.077589155216428,9.223171115735765,-3.228570550386276,7.146971128794288,-0.2810739933862536,0.46194906541310976,8.586519172396773
row_232,1,8.203004911663863,9.463566767614527,-3.1828988207380355,7.657224361781251,0.056318717064715584,0.17620463146709375,9.47262616431388
row_233,3,7.71774345925818,-1.8687021862661097,6.183196878769898,-8.495727036019977,2.2888252936041193,-6.034352603587926,8.766311178153162
row_234,3,6.055849183438261,-0.9762467801601007,5.2330366066698195,-6.779868753908887,3.1408477778373043,-7.356360364013768,11.357700274507042
row_235,2,-6.7770366062517144,-8.46569910906418,-8.021260813717914,6.851386405363948,7.551866937592401,8.517526430624573,8.008462209815516
row_236,0,-1.3123499614680334,4.555271742469927,0.03886089363311784,0.35820902656343545,-1.8025745477824624,2.2081542954862345,0.49061690270836067
row_237,0,-0.4477908304360365,3.810467444086196,1.51240604541616,1.3137137061993625,-2.683086445043818,3.699080363043116,0.24622876974521857
row_238,2,-9.050021334224988,-7.98461761643892,-8.77765444393868,6.37348263585552,6.9947027764463,8.862457135716802,9.143664779069452
row_239,0,0.2146966902899361,6.315044008911527,2.010672094977021,1.092733357089318,-3.3084668689274968,2.188837602538427,-1.0516983740173653
row_240,1,9.833416095391598,8.416705901786377,-3.872757023156233,8.428925349421444,0.17386610120715157,-0.10084146638276237,7.828492999064538
row_241,0,0.9748850358113993,3.6164882902917266,1.9377929750147664,1.3638300859719676,-1.8971464539262484,2.4640782202811216,-0.8449912345829034
row_242,1,8.162422611046052,9.603290324530898,-0.10522529174618667,7.205489767944413,0.06805515291960962,1.6857608376748319,9.50905074664498
row_243,0,0.5730931315733154,5.526232397830817,2.263542499509738,1.8743026964216496,-1.1705376160475036,3.624455429525071,-1.2377557540253297
row_244,3,6.858680437475854,-0.5181419743292377,7.896184707257175,-7.258584056853856,1.8848259165733698,-6.323193521004624,9.973309558134213
row_245,0,1.582589602905876,2.5478967440106706,2.506201983238793,0.21365276220072027,0.13264678296796673,3.986391660649132,-1.7016415785975378
row_246,3,4.807336296396242,-0.4831554424745703,5.607707423070107,-7.671108775537583,2.714197130023083,-6.71341014339293,9.817812362950187
row_247,1,7.866061839980112,9.203613631573651,-2.2795946807145566,6.70177739046172,-0.2704221277471438,1.0352217530584715,8.982365910699702
row_248,3,5.889108833971868,-0.3728475393238969,4.587728484924894,-8.785203486877982,3.399025628283553,-7.146184519753098,9.067751389693203
row_249,0,0.16327708999241775,4.5783036851723296,1.16435243843735,-0.25969159925291674,-1.8391962643475988,2.7602152451693067,1.008467722552059
row_250,1,7.285961469337554,8.174684482465256,-0.010369784204147248,5.951591633808734,1.1120995659038602,1.6787763191168272,8.946740723584378
row_251,2,-8.920956933638141,-8.233123091831404,-8.315820030565463,5.766430428917808,5.96402069810113,7.390585728403473,7.775202229259663
row_252,3,4.208426469145821,-1.2437736804438417,5.4070128542556315,-7.084654615324945,2.799320353221584,-8.67522240261875,9.755526397875945
row_253,0,0.9592496646850545,4.682939063003472,4.31457647212373,0.8554065082772941,-2.4828490137146826,2.571900485633736,-1.7118517493922445
row_254,3,5.624054689268586,-1.8289846525467308,5.101577687137788,-7.518846408574989,2.2510648522518104,-7.683733677525912,9.685419839414653
row_255,0,0.6283579292203425,4.46013629655237,3.2855582021605985,2.100043508722348,-1.9142308306298577,2.615579510757787,-2.296808739813243
row_256,3,4.351951776680938,-1.0718850698030562,5.354350827733669,-6.776849572498883,2.6878299237422696,-7.565366230397516,9.970415813939214
row_257,1,8.14690708719575,9.512837969876978,-2.700970789788249,6.807036550795829,2.711766642262626,1.7673067155548519,8.31875606430338
row_258,3,6.4566595460009335,1.084833454479116,7.0262397519037885,-7.937257499525589,3.788099868486367,-6.547083446001136,10.029766418531418
row_259,3,7.29732571814842,-1.1996220515878404,6.985808946176006,-8.18864272970582,4.29791191668924,-7.027099608202294,8.03286859388207
row_260,3,7.612671327566799,-1.5476407970964976,5.310579948791313,-8.641070547415573,0.6551123613117884,-5.336015729244144,8.68903940408863
row_261,2,-9.158196975985469,-9.949784443443294,-8.866285704913059,7.351533064677454,5.264375418427074,6.298012774029291,9.547817421012903
row_262,1,8.398449734227722,8.078268404751926,-2.831579290788709,6.087304267072446,0.16988368601819182,3.135549782851979,8.118779571099108
row_263,2,-8.35193288589878,-6.6431644586889576,-8.587034764333382,7.179994293733076,4.839206314938407,6.280614731255928,8.77559153834898
row_264,2,-8.55151670441676,-8.682956218740634,-8.17365649190102,7.108760274439546,5.034464360061521,7.292239128155424,8.831500140451208
row_265,1,8.483427806651482,8.134247016903622,-3.5455710064437045,6.705462543824911,-0.30007222147778145,2.657041089406529,9.128392078479376
row_266,1,8.443616443242236,10.388217532967989,-0.8978171206024537,6.252898772962484,1.0134445543537423,0.7616669444189264,8.545022516991981
row_267,1,8.460578672075325,8.459659212926079,-2.8528111334550643,5.7613811157050945,-0.7194812608986512,1.0359562635581465,7.800626406110432
row_268,3,6.39124593368064,-2.400415405965072,2.890904161406494,-8.731113229714055,2.814911913531341,-8.354710586513844,8.240616891642965
row_269,0,0.5810410958921407,3.144366811048477,1.9693367544612652,1.0919565979837085,-0.6510712516345745,2.802774792845896,-0.7908401685251594
row_270,1,7.297876647083532,9.372460072552089,-0.7548706508567278,6.336829001728072,-0.284368604695148,1.5215524116984185,7.559287813037833
row_271,2,-9.83187217754558,-8.843734031180317,-10.05327264548301,7.024207992456254,6.020444665717821,8.362584709750728,10.343203805060218
row_272,1,7.386995009437535,9.404829177928654,-3.7367296708763353,5.484718581541755,2.6013703448280627,1.8662781604559884,8.871181922366677
row_273,3,5.309507113025331,0.027500441625382455,4.723703921857671,-7.000124809432284,4.427696196509339,-6.993870101514389,8.035708136416279
row_274,2,-9.498929526104924,-5.614478284954443,-9.055509024792991,8.9428639814893,7.163402837745768,7.211408184718598,9.160095090050739
row_275,3,5.824159032780112,-0.5303558256446443,5.7107429338197315,-8.109686588450584,4.071374175470387,-8.829065518650616,9.623561872121293
row_276,1,10.332660407228602,7.027933561649185,-1.7671610884106363,4.5499484636607646,0.4735549035633961,0.37288927938491134,7.33430380337059
row_277,1,7.62129335944151,8.774238572026404,-2.3098183996408967,4.915387316783348,0.7706522441233049,0.995836005332388,6.720605217812037
row_278,2,-7.720174643256731,-9.067040582009298,-8.722320215123073,7.852133087373798,6.019288054824065,7.042663932967784,9.613449070799161
row_279,3,5.215222692597656,-0.0034223043818119026,4.584576274103327,-8.094137924890774,2.8020036325050603,-6.806559162092081,10.376506968965492
row_280,0,1.4577515523199573,2.7629903130037654,2.1185295156332096,1.0541701979033125,-1.2947229770216295,2.3205661923677603,-1.4861775044821572
row_281,0,1.919316165869013,1.5641101602588336,1.4859554679626927,1.1675680148786982,-1.993749559274668,1.5009761482068633,-0.37929228784935487
row_282,2,-9.300710131614018,-8.706181019074684,-11.33981980774744,8.313004470853274,4.146531536571368,4.598040166544669,8.383942423072263
row_283,3,5.564089291526649,-0.3733065184915843,6.110230480841074,-8.853195312598533,3.044643187826909,-8.050918557823687,8.241521841061088
row_284,0,-1.5767197372875836,4.957405922888751,2.9197037202923837,0.1554986395314949,0.7428506107657022,1.463516586734358,-1.2024972574447041
row_285,3,3.9723890157485933,-1.1629800129065155,4.518365584388485,-6.93586124831358,3.320045653790817,-6.636041106980603,8.228336722832987
row_286,2,-10.70316885408782,-7.797829101135129,-9.315574191155806,8.0429308780327,3.92178641017398,7.245207156818056,9.638427106441775
row_287,3,6.714722866196625,-0.4507629718072901,5.200728987289289,-8.087848914759853,3.691128579424177,-7.60653830878273,9.197034814517956
row_288,2,-7.321534618546224,-10.344048985389728,-9.55556059464571,6.324641993662343,7.018942970833852,7.455735190380184,11.057292443355236
row_289,2,-8.118484508341005,-8.658400163865586,-10.566802716017875,8.078713771745788,8.051576633328137,9.096212497950551,9.714173483808736
row_290,2,-9.204306226726933,-8.647806699954693,-9.483074520287031,5.996851881474402,5.630651876171334,8.177847102839294,9.536624111107107
row_291,2,-7.777227097301745,-10.103945987633859,-8.991495310750802,5.022813308210322,3.4419585740945733,5.561396361177883,11.53913081659002
row_292,1,7.604358408048598,7.634447902898408,-3.064482431068111,7.984075296520579,0.4876545453923381,2.092550148909038,8.446444390708738
row_293,3,4.947423558139258,0.40741674976429687,3.3054166706855876,-9.898171783657144,3.17344034637063,-7.215277898610424,8.41375532591787
row_294,1,6.017382385258024,9.223931139873013,-2.0921360222376806,4.834170412699587,2.2518841020687987,1.5224504891168138,10.07533751088215
row_295,0,1.3777691336367826,5.52865789164205,2.120123627776454,-0.38202551326630263,-2.112335217499678,2.656236815622222,-1.4305005585360933
row_296,1,7.01105089431376,9.69583558229347,-1.7836890513797803,5.020706278421986,-0.8712192156788416,0.04317387873788037,9.052940985813029
row_297,3,6.278247067636333,-1.8691812116086626,4.210327317601166,-7.459831389723167,1.1456167842976333,-6.067007433102183,8.957274532641856
row_298,2,-9.947523931380653,-6.696134407013378,-10.53590228715069,5.992454205856423,5.776152186426897,7.999612337458679,9.316049950965638
row_299,2,-7.917204547042555,-8.156832797240222,-9.056470777079289,6.738573753338881,7.754033032236849,8.383879160725561,9.486751890424785
row_300,3,4.727396402592969,0.45246469211204676,3.5240734968739207,-8.225268635531297,3.7703907204160525,-8.326192085293112,9.243644260553708
row_301,2,-6.771147025463286,-7.820775531339892,-9.402903054693759,7.3488355843502,5.901360492682125,8.052024226636998,9.573837844900693
row_302,2,-7.176434095942018,-7.921569284563872,-9.276513651107203,6.959661691464351,3.924711393255217,5.623854348589806,9.787919898443967
row_303,2,-9.21047077778912,-7.688955087044908,-9.928443816045695,7.132821407076547,4.5949489550899045,8.23159402292115,10.060339527318286
row_304,3,6.621195317829926,-0.43038815668171043,6.473600678880199,-8.22420927832066,2.5258876780627175,-6.39541273840519,9.326497070440611
row_305,0,-0.0025597808122748145,3.864597805646242,2.2366059506506994,0.3948469592953986,0.8855496663218432,1.9573778796999748,-2.0413731374538218
row_306,1,8.040792579419554,9.318389225452597,0.008455182535612504,5.558067916637454,0.3183214132240493,1.7253724711191514,9.983254721995559
row_307,0,0.40048210873342893,4.44574049076917,1.7359391042877828,1.5892024110081233,-0.8321548695658995,2.1922848828695383,-2.631619730141206
row_308,2,-8.742533784875441,-8.343869288680231,-10.026093963079278,7.801776294325885,5.860649372951955,7.44426524111173,10.215421389994574
row_309,0,1.4046019490769126,4.370304549831558,2.3577394191726593,0.26334156625697325,-1.8896451792090434,2.2454218135571717,-1.6078089362866916
row_310,0,-0.39868121487152375,3.6601689246154994,-0.1681356307915487,1.5228951109651243,-3.1289616688286532,1.8134989219046722,-1.1960906954851758
row_311,0,1.1967777343036683,3.2738520441394137,1.7053241568437731,1.9979479981583106,-0.2288820408956842,5.614106313896702,-1.3221804410265654
row_312,2,-6.991517312296894,-8.900671607757923,-10.729224876831944,7.649156553778576,5.41436886676333,7.496247169906152,9.527253540961947
row_313,3,7.286352245982903,-0.6418764380853149,5.468135656940267,-8.943274996859945,1.595945118346044,-6.716834617403249,8.692470807790752
row_314,1,8.079903471603227,10.674600041312546,-2.741551417142316,6.363444380069874,0.8240461837429329,2.2244108802599603,7.707179025215352
row_315,0,1.3151742037624397,6.324830888933187,1.5864033334660823,-1.303777625562621,-1.3276038163254402,2.867278720371457,-1.7657748172565535
row_316,0,1.2631745665498415,1.9831930516576484,2.3724281477255666,1.4177042745088047,-1.3012953587508016,3.367594361565115,-1.315531383669132
row_317,3,6.3487627445591075,-2.4381926478256,6.1986212744689215,-6.077501441089176,3.682447623976803,-9.152474337205794,7.909169338718829
row_318,3,6.71210115171971,-3.3494635001308377,4.673074139620379,-7.955770419679345,2.309854205795851,-6.800136034414617,9.907128888489938
row_319,2,-8.178748151443555,-9.115116629016079,-9.460177388003505,6.697562766897591,7.422481352848638,5.773921027109552,9.437544393560927
row_320,3,6.001798654995826,0.28391221996271465,5.641130106769725,-7.671395013466403,4.06818517686478,-7.842788433965175,8.910893954269897
row_321,0,1.8823147368218804,3.4425616423936876,3.9653324745319116,0.6296602889865565,-0.7244476174255102,3.8651342291068707,-1.4032658678369845
row_322,0,2.69585938596269,5.2332924389279185,2.6374921128308024,-1.196939411268208,-1.4031820989883987,2.7877753071394187,-1.1543025453605815
row_323,3,6.6867568389778596,0.15873239282732798,5.981756078378147,-8.624334032168456,3.4420517020038153,-6.44403758521114,9.168025544604122
row_324,3,7.3195574666572645,-0.8904538770374711,6.0720524031702485,-7.680992638654226,2.364866093817309,-7.094938238365557,10.60742981076241
row_325,0,0.5324339853912973,5.381984631162628,-0.5039171449112185,2.0790422612262227,-2.158807771227073,3.0818108337857093,-1.1519344188249534
row_326,3,6.180999452184339,-0.6726619525191778,7.012106941734354,-7.476077635835804,1.6565190073466303,-8.443904622260284,7.36045728756155
row_327,2,-9.556743713288132,-7.378024064055815,-8.96020752463949,7.195007694457557,6.279073912434001,4.405630104708763,10.453304405736253
row_328,1,8.536501356806692,8.855777860135552,-3.42866627825469,7.546805982996588,-0.21421662550706133,0.31536666480917996,7.427076706391776
row_329,3,5.271885528724033,0.3575438699920175,5.715411328556323,-8.627768700058889,2.463798820596355,-8.012491349130457,8.59337168197992
row_330,2,-7.922888085182959,-8.789407815380347,-10.551890473625768,6.818260433612298,6.892276301742562,7.351898341156562,8.964265587703592
row_331,0,-0.06898328760045969,5.514932617131091,2.7450856859676662,2.1995098895029352,-2.1549915728634845,2.436855142872335,1.0556609229377916
row_332,3,5.933088642869936,-1.6140283614772897,6.260625498779878,-7.998681291537092,3.037101997482312,-7.2491566913568235,6.949921489704855
row_333,2,-9.475094596453088,-7.709085875471205,-9.496964597377689,6.849577966156128,6.622162273438976,6.377678573675697,8.717126387404416
row_334,3,5.943152558982838,-2.0302000983466333,5.6392040299168915,-6.291889472110983,2.058484573585217,-5.817796586098099,8.569920868508254
row_335,2,-6.3472624465170835,-8.362393706988138,-8.228217068733327,4.997052872649083,5.716779479812676,5.815769401785446,10.416821151259867
row_336,3,7.127724819619029,-0.789179810481256,6.894038561995634,-7.036564991229155,4.987039105373314,-7.352707237532434,9.794102246080858
row_337,1,6.87085359143533,9.333149893136863,-2.5436926682547547,5.072386249730794,-0.30988174157784665,2.2972897654311053,7.986292172751281
row_338,0,1.3935888995783305,3.359418836624096,2.2933706692651903,-0.5082992563299624,-2.1169616590914453,2.807392856267195,-2.9089555866154138
row_339,2,-10.051601764508751,-7.344212081717007,-7.384327717953992,4.854941106591863,4.499702080842402,6.720649922392238,9.008048934972793
row_340,2,-7.610534442931116,-8.987771101527144,-10.357993587921094,5.205456576202952,8.183708865015248,6.652769786871002,8.272020012436942
row_341,0,1.918738197766889,4.036192581213042,1.3772417398684276,2.195509450589036,-3.8910778303630855,2.938216443038366,-2.5961811973752704
row_342,0,0.804723747324247,5.075577878662058,2.8787716753966093,3.0608996092186267,-0.19037606378551342,2.548700423390679,-1.4876349523220767
row_343,2,-9.415134903523883,-9.1995075948423,-9.698844802655193,5.601006512298696,5.809783974249456,8.00823547434278,8.73273439748209
row_344,1,7.760792037390445,9.531971650250332,-2.055568949500389,7.2695501484424465,1.0851373461677039,1.2446615214914967,7.5644441709463415
row_345,3,5.0506010544374575,-1.7828699076851693,6.861153358272543,-7.869049517530086,1.9350648452086943,-8.168539983203566,9.035045505863208
row_346,3,4.524230553737146,-0.6005347951444386,5.701409452765434,-8.11590410666897,4.195485727864219,-5.635219224499508,9.458645543528128
row_347,1,8.076247525383533,9.5623757152994,-1.9182988030382708,5.636101864833246,0.6720906953682353,0.21328027703551045,8.153818690373363
row_348,3,6.025951004218038,-0.2686130011337241,5.554484052388205,-7.096074482266797,3.2817622783310485,-7.256583877711103,9.398348322454519
row_349,3,5.868836124462094,-0.02685923943302615,5.8209428923589215,-7.640438888454567,4.164480494953809,-5.577820219760004,9.506704567320378
row_350,2,-9.163372382837181,-7.922308385773186,-12.033196410392842,7.7673214704490405,5.576883506332543,5.555541801308336,9.211253709915415
row_351,0,0.14983153988748066,4.205334803022958,1.3917892350707706,2.024299582044444,-2.606835521585329,1.7704136089220204,-1.6860758194905843
row_352,2,-7.031212034663523,-8.319157307427085,-10.042468304856106,6.468641180708768,6.387753238635477,6.08739329038659,10.987240980577704
row_353,0,1.256711783862791,3.3106637165188095,2.8968987855065143,0.648205079776988,-1.4774090315718147,3.411719037614079,-0.6049413096832224
row_354,1,5.000905510366891,11.390046231504261,-3.942048026934379,5.798732689793071,2.958643746277839,1.6914679781530197,9.461179239411456
row_355,1,6.011203359703764,9.576859114482588,-1.5584747863820638,4.1729024705387285,1.0260936794814013,3.0570727947068064,8.497075062498517
row_356,0,2.075929674433608,4.959051058170988,2.69539904753047,-0.7192923843728976,-1.551230137620841,2.179851352127434,-0.968331175702912
row_357,1,8.144211257478208,7.902495227477526,-1.465516700668592,6.9158767961114815,-0.05347759339130009,1.1195534304255412,7.633742423043148
row_358,0,0.10547292936461328,3.7249376626839745,1.7437149893055053,0.9538290021676823,-2.6920538540052616,3.81870874828731,-0.7825933350156904
row_359,1,6.695263714706632,11.028241363762644,-2.4641580457940373,5.068798567175206,1.1336853591409617,1.3712405364449451,9.231966525194874
row_360,1,7.545062914837727,10.60103790597857,-2.432451109701845,5.031359374311664,0.11356070362259707,2.3826818074673186,7.959392092436492
row_361,3,5.535256445918931,-0.9691278166121617,7.030447497925544,-8.599618090685754,3.477988292315559,-7.556722500368548,8.296707485453368
row_362,0,1.0914179516865872,3.924639764568467,0.3129113236236474,-0.4055790941743789,-0.9217839291397387,3.8134382468844468,-1.3801644145261174
row_363,2,-10.137277364225659,-8.764448775734522,-8.750636448192648,5.976803083328697,4.569773643573874,9.442315114763336,9.610484844834682
row_364,1,9.26161876766086,10.209384358331668,-1.6527895246439752,6.66715150111777,0.9049646041791108,2.9924886494109173,8.889691935583938
row_365,2,-9.57812763213763,-8.997550796708698,-10.161129857568142,7.128428294396875,3.4050664550357523,8.718793983027219,9.333070253512938
row_366,2,-7.546289641522316,-9.181326021779187,-8.183480352894854,5.271966158651491,5.027220457330848,7.831014099882023,9.422475252922142
row_367,0,0.7520111442948547,4.00153759699332,1.680120404771594,-0.32853253184508224,-1.3435648139643042,4.58882529412198,-1.3043887951949074
row_368,1,8.91739523411886,7.828315010947215,-3.5417126176077973,5.045831507143926,1.67253676977018,1.5957127478273776,10.644086176423665
row_369,2,-8.085634748517398,-7.770398679988806,-10.4347614540357,7.642518294837954,4.198376788914577,7.378373056147302,9.301159504765117
