md3_id,Symbol,Name,Price,Dividend Yield,Price/Earnings,Earnings/Share,Book Value,52 week low,52 week high,Market Cap,EBITDA,Price/Sales,Price/Book,SEC Filings,Industrials_col_2,Health Care_col_2,Information Technology_col_2,Consumer Discretionary_col_2,Utilities_col_2,Financials_col_2,Materials_col_2,Consumer Staples_col_2,Energy_col_2,Telecommunications Services_col_2
row_1,MMM,0.0,158.99,2.82,20.97,7.58,19.22,134.0,170.5,96.2,8.5,3.14,8.18,0.0,1,0,0,0,0,0,0,0,0,0
row_2,ABT,0.0,39.63,2.66,13.54,2.93,14.15,36.0,51.74,59.12,4.81,2.87,2.77,0.0,0,1,0,0,0,0,0,0,0,0
row_3,ABBV,0.0,56.2,4.12,17.96,3.13,2.45,45.45,71.6,90.55,9.47,3.87,22.4,0.0,0,1,0,0,0,0,0,0,0,0
row_4,ACN,0.0,100.91,2.19,21.26,4.75,9.43,86.4,109.86,63.36,5.2,2.01,10.55,0.0,0,0,1,0,0,0,0,0,0,0
row_5,ATVI,0.0,32.32,0.82,27.16,1.19,11.01,22.28,39.93,23.69,1.42,4.98,2.88,0.0,0,0,1,0,0,0,0,0,0,0
row_6,ADBE,0.0,86.68,0.0,69.9,1.24,14.06,71.27,96.42,43.2,1.24,8.67,5.93,0.0,0,0,1,0,0,0,0,0,0,0
row_7,ADT,0.0,40.29,2.2,23.67,1.7,17.58,24.22,42.88,6.66,1.82,1.85,2.28,0.0,1,0,0,0,0,0,0,0,0,0
row_8,AAP,0.0,150.08,0.16,23.45,6.4,33.59,131.59,201.24,11.0,1.22,1.13,4.48,0.0,0,0,0,1,0,0,0,0,0,0
row_9,AES,0.0,9.97,4.49,11.84,0.84,5.29,8.22,14.02,6.71,3.86,0.43,1.9,0.0,0,0,0,0,1,0,0,0,0,0
row_10,AET,0.0,109.4,0.94,16.14,6.78,45.51,92.42,134.4,38.15,5.43,0.62,2.34,0.0,0,1,0,0,0,0,0,0,0,0
row_11,AMG,0.0,130.3,0,14.03,9.29,52.64,115.97,230.63,7.02,0.9682000000000001,2.8,2.45,0.0,0,0,0,0,0,1,0,0,0,0
row_12,AFL,0.0,60.33,2.75,10.31,5.85,40.96,51.41,66.53,25.6,3.92,1.21,1.46,0.0,0,0,0,0,0,1,0,0,0,0
row_13,A,0.0,37.63,1.21,27.29,1.38,12.33,33.12,43.59,12.34,0.819,3.04,3.04,0.0,0,1,0,0,0,0,0,0,0,0
row_14,GAS,0.0,65.14,3.27,22.16,2.94,32.64,46.36,65.16,7.84,1.2,1.98,1.99,0.0,0,0,0,0,1,0,0,0,0,0
row_15,APD,0.0,132.99,2.44,21.98,6.05,34.16,114.64,158.2,28.68,2.91,2.93,3.85,0.0,0,0,0,0,0,0,1,0,0,0
row_16,ARG,0.0,141.76,1.7,30.55,4.64,27.33,86.09,141.79,10.27,0.96572,1.93,5.18,0.0,0,0,0,0,0,0,1,0,0,0
row_17,AKAM,0.0,54.96,0,30.88,1.78,17.63,39.43,78.44,9.73,0.75286,4.41,3.11,0.0,0,0,1,0,0,0,0,0,0,0
row_18,AA,0.0,8.87,1.35,0,-0.31,9.15,6.14,15.32,11.62,3.25,0.51,0.96,0.0,0,0,0,0,0,0,1,0,0,0
row_19,ALXN,0.0,140.54,0,209.76,0.67,36.6,130.51,208.88,31.66,0.86215,12.28,3.88,0.0,0,1,0,0,0,0,0,0,0,0
row_20,ALLE,0.0,63.8,0.82,40.23,1.59,0.31,52.95,68.08,6.12,0.4118,2.91,202.69,0.0,1,0,0,0,0,0,0,0,0,0
row_21,AGN,0.0,296.34,0.1,27.24,10.88,184.12,237.5,340.34,116.79,7.64,5.72,1.55,0.0,0,1,0,0,0,0,0,0,0,0
row_22,ADS,0.0,212.6,0,24.1,8.82,32.92,176.63,312.0,12.99,1.6,2.0,6.4,0.0,0,0,1,0,0,0,0,0,0,0
row_23,ALL,0.0,64.41,2.05,12.75,5.05,47.98,54.12,72.51,24.54,3.98,0.68,1.33,0.0,0,0,0,0,0,1,0,0,0,0
row_24,GOOGL,0.0,729.12,0,30.9,23.59,175.07,529.0,810.35,501.87,24.42,6.62,4.12,0.0,0,0,1,0,0,0,0,0,0,0
row_25,GOOG,0.0,705.75,0,29.91,23.59,175.07,515.18,789.87,485.78,24.42,6.42,4.0,0.0,0,0,1,0,0,0,0,0,0,0
row_26,MO,0.0,62.38,3.69,23.38,2.67,1.47,47.31,62.45,122.02,8.62,6.37,41.68,0.0,0,0,0,0,0,0,0,1,0,0
row_27,AMZN,0.0,555.15,0,444.12,1.25,28.42,365.65,696.44,261.39,7.88,2.44,19.5,0.0,0,0,0,1,0,0,0,0,0,0
row_28,AEE,0.0,48.13,3.68,18.59,2.59,28.63,37.26,48.22,11.68,2.2,1.89,1.66,0.0,0,0,0,0,1,0,0,0,0,0
row_29,AAL,0.0,41.36,0.98,3.74,11.07,8.99,34.1,56.05,25.91,8.61,0.62,4.52,0.0,1,0,0,0,0,0,0,0,0,0
row_30,AEP,0.0,63.89,3.56,17.72,3.61,36.06,52.29,63.9,31.36,5.28,1.79,1.75,0.0,0,0,0,0,1,0,0,0,0,0
row_31,AXP,0.0,55.39,2.09,10.97,5.05,21.4,50.27,83.54,53.4,0.0,1.71,2.55,0.0,0,0,0,0,0,1,0,0,0,0
row_32,AIG,0.0,51.37,2.46,31.13,1.65,75.1,50.23,64.93,61.33,10.41,1.04,0.68,0.0,0,0,0,0,0,1,0,0,0,0
row_33,AMT,0.0,89.42,2.2,66.93,1.34,15.63,83.07,104.12,37.88,2.82,8.31,5.7,0.0,0,0,0,0,0,1,0,0,0,0
row_34,AMP,0.0,84.37,3.17,9.95,8.48,42.21,76.0,137.07,14.43,3.48,1.17,1.98,0.0,0,0,0,0,0,1,0,0,0,0
row_35,ABC,0.0,87.6,1.55,48.61,1.8,6.3,80.5,120.68,18.0,1.64,0.13,13.82,0.0,0,1,0,0,0,0,0,0,0,0
row_36,AME,0.0,46.39,0.78,18.93,2.45,13.72,42.82,57.67,11.0,1.05,2.71,3.31,0.0,1,0,0,0,0,0,0,0,0,0
row_37,AMGN,0.0,146.75,2.69,16.2,9.06,37.24,130.09,181.81,110.37,10.7,5.11,3.95,0.0,0,1,0,0,0,0,0,0,0,0
row_38,APH,0.0,52.72,1.07,21.88,2.41,10.5,44.5,60.54,16.27,1.28,2.9,5.0,0.0,1,0,0,0,0,0,0,0,0,0
row_39,APC,0.0,37.64,0.54,0,-13.18,25.23,28.16,95.94,19.14,3.13,1.94,1.43,0.0,0,0,0,0,0,0,0,0,1,0
row_40,ADI,0.0,52.99,3.19,24.65,2.15,16.11,47.24,68.97,16.43,1.27,4.68,3.22,0.0,0,0,1,0,0,0,0,0,0,0
row_41,ANTM,0.0,132.23,1.97,14.1,9.38,88.21,115.63,173.59,34.56,5.82,0.43,1.48,0.0,0,1,0,0,0,0,0,0,0,0
row_42,AON,0.0,95.31,1.28,19.53,4.88,22.17,83.83,107.08,26.26,2.55,2.24,4.27,0.0,0,0,0,0,0,1,0,0,0,0
row_43,APA,0.0,37.79,2.52,0,-54.96,25.95,32.2,71.87,14.29,5.78,1.69,1.49,0.0,0,0,0,0,0,0,0,0,1,0
row_44,AIV,0.0,36.62,3.62,24.09,1.52,9.4,34.71,41.33,5.7,0.55864,5.86,3.84,0.0,0,0,0,0,0,1,0,0,0,0
row_45,AAPL,0.0,96.76,2.15,10.3,9.4,23.13,92.0,134.54,536.49,82.79,2.27,4.15,0.0,0,0,1,0,0,0,0,0,0,0
row_46,AMAT,0.0,18.89,2.15,17.31,1.09,6.26,14.25,25.64,21.65,2.0,2.24,2.99,0.0,0,0,1,0,0,0,0,0,0,0
row_47,ADM,0.0,34.62,3.55,11.62,2.98,30.08,29.86,53.31,20.56,2.89,0.3,1.13,0.0,0,0,0,0,0,0,0,1,0,0
row_48,AIZ,0.0,72.47,2.83,35.35,2.05,68.7,59.73,87.2,4.69,0.39339999999999997,0.44,1.02,0.0,0,0,0,0,0,1,0,0,0,0
row_49,T,0.0,37.37,5.21,15.79,2.37,19.96,30.97,37.5,229.87,47.13,1.55,1.86,0.0,0,0,0,0,0,0,0,0,0,1
row_50,ADSK,0.0,49.42,0.0,0,-1.24,7.69,41.6,65.78,11.14,0.1707,4.4,6.39,0.0,0,0,1,0,0,0,0,0,0,0
row_51,ADP,0.0,85.92,2.45,26.68,3.22,9.17,64.29,90.67,39.3,2.33,3.47,9.3,0.0,0,0,1,0,0,0,0,0,0,0
row_52,AN,0.0,51.94,0,13.35,3.89,21.2,40.45,67.5,5.57,0.9982000000000001,0.26,2.42,0.0,0,0,0,1,0,0,0,0,0,0
row_53,AZO,0.0,785.15,0,21.15,37.12,-58.74,640.0,803.25,23.72,2.26,2.28,0,0.0,0,0,0,1,0,0,0,0,0,0
row_54,AVGO,0.0,132.47,1.35,27.29,4.85,17.06,100.0,150.5,36.63,2.84,5.28,7.64,0.0,0,0,1,0,0,0,0,0,0,0
row_55,AVB,0.0,172.71,3.16,31.34,5.51,71.84,158.72,186.89,23.66,1.18,12.37,2.36,0.0,0,0,0,0,0,1,0,0,0,0
row_56,AVY,0.0,66.24,2.28,22.46,2.95,10.44,50.94,66.65,6.13,0.726,1.0,6.2,0.0,0,0,0,0,0,0,1,0,0,0
row_57,BHI,0.0,43.25,1.56,0,-4.49,37.12,37.58,70.45,18.99,1.62,1.17,1.13,0.0,0,0,0,0,0,0,0,0,1,0
row_58,BLL,0.0,66.83,0.78,33.58,1.99,8.79,57.95,75.24,9.47,1.09,1.19,7.61,0.0,0,0,0,0,0,0,1,0,0,0
row_59,BAC,0.0,12.32,1.59,9.4,1.31,22.54,10.99,18.48,129.56,0.0,1.61,0.54,0.0,0,0,0,0,0,1,0,0,0,0
row_60,BCR,0.0,196.57,0.51,111.06,1.77,19.75,163.81,202.47,14.49,1.03,4.22,9.82,0.0,0,1,0,0,0,0,0,0,0,0
row_61,BXLT,0.0,39.5,0.71,28.19,1.4,5.87,29.83,42.38,26.8,2.09,4.3,6.64,0.0,0,1,0,0,0,0,0,0,0,0
row_62,BAX,0.0,39.84,1.2,22.57,1.76,14.31,32.18,43.44,21.79,1.53,2.14,2.72,0.0,0,1,0,0,0,0,0,0,0,0
row_63,BBT,0.0,32.49,3.28,12.69,2.56,31.66,29.95,41.9,25.35,0.0,2.72,1.01,0.0,0,0,0,0,0,1,0,0,0,0
row_64,BDX,0.0,148.67,1.81,45.89,3.24,34.1,128.87,157.5,31.49,2.87,2.78,4.32,0.0,0,1,0,0,0,0,0,0,0,0
row_65,BBBY,0.0,48.24,0,9.54,5.05,16.0,41.26,78.1,7.74,1.7,0.64,3.02,0.0,0,0,0,1,0,0,0,0,0,0
row_66,BRK-B,0.0,132.31,0,14.33,9.23,151044.77,123.55,148.57,0.21739,44.27,0.0,0.0,0.0,0,0,0,0,0,1,0,0,0,0
row_67,BBY,0.0,32.24,2.99,12.14,2.65,13.48,25.31,42.0,11.05,2.22,0.27,2.33,0.0,0,0,0,1,0,0,0,0,0,0
row_68,BIIB,0.0,262.35,0,17.1,15.34,42.88,242.07,480.18,57.37,5.62,5.23,6.0,0.0,0,1,0,0,0,0,0,0,0,0
row_69,BLK,0.0,313.62,2.89,15.85,19.79,169.44,275.0,380.99,51.93,4.93,4.47,1.82,0.0,0,0,0,0,0,1,0,0,0,0
row_70,HRB,0.0,33.71,2.35,20.32,1.66,-0.12,29.15,37.53,7.95,0.90227,2.57,0,0.0,0,0,0,0,0,1,0,0,0,0
row_71,BA,0.0,116.82,3.71,15.7,7.44,9.5,102.1,156.91,77.39,9.0,0.8,12.16,0.0,1,0,0,0,0,0,0,0,0,0
row_72,BWA,0.0,32.6,1.58,12.07,2.7,16.2,27.68,63.3,7.13,1.36,0.88,2.0,0.0,0,0,0,1,0,0,0,0,0,0
row_73,BXP,0.0,115.18,2.27,30.96,3.72,35.87,94.91,145.9,17.69,1.51,6.95,3.17,0.0,0,0,0,0,0,1,0,0,0,0
row_74,BSX,0.0,17.32,0,0,-0.18,4.69,14.18,19.06,23.32,1.92,3.12,3.69,0.0,0,1,0,0,0,0,0,0,0,0
row_75,BMY,0.0,63.03,2.39,67.77,0.93,8.55,51.82,70.87,105.23,4.98,6.27,7.28,0.0,0,1,0,0,0,0,0,0,0,0
row_76,BF-B,0.0,103.39,1.6,31.74,3.26,6.96,86.71,111.06,20.82,1.1,6.64,14.71,0.0,0,0,0,0,0,0,0,1,0,0
row_77,CHRW,0.0,70.16,2.45,19.99,3.51,7.93,59.71,76.18,10.07,0.92472,0.75,8.86,0.0,1,0,0,0,0,0,0,0,0,0
row_78,CA,0.0,29.78,3.39,17.14,1.74,12.67,25.16,33.42,12.41,1.23,3.04,2.33,0.0,0,0,1,0,0,0,0,0,0,0
row_79,CVC,0.0,32.45,1.84,45.01,0.72,-17.92,17.66,33.28,8.98,1.75,1.38,0,0.0,0,0,0,1,0,0,0,0,0,0
row_80,COG,0.0,19.41,0.37,0,-0.28,4.86,14.88,35.64,8.03,0.63644,6.27,4.06,0.0,0,0,0,0,0,0,0,0,1,0
row_81,CAM,0.0,65.91,0,25.42,2.59,23.82,40.5,71.22,12.63,1.57,1.43,2.76,0.0,0,0,0,0,0,0,0,0,1,0
row_82,CPB,0.0,62.62,2.05,30.59,2.05,4.56,44.45,62.64,19.41,1.48,2.34,13.27,0.0,0,0,0,0,0,0,0,1,0,0
row_83,COF,0.0,66.42,2.36,9.4,7.07,89.08,58.49,92.1,35.26,0.0,1.84,0.73,0.0,0,0,0,0,0,1,0,0,0,0
row_84,CAH,0.0,82.67,1.9,20.11,4.11,20.34,74.73,91.91,27.23,2.89,0.24,4.04,0.0,0,1,0,0,0,0,0,0,0,0
row_85,KMX,0.0,46.26,0,15.48,2.99,14.74,41.25,75.4,9.05,1.18,0.59,3.07,0.0,0,0,0,1,0,0,0,0,0,0
row_86,CCL,0.0,48.51,2.51,21.46,2.26,30.79,40.52,55.77,37.45,3.62,2.36,1.56,0.0,0,0,0,1,0,0,0,0,0,0
row_87,CAT,0.0,66.47,4.58,18.99,3.5,25.43,56.36,89.62,38.71,7.26,0.82,2.59,0.0,1,0,0,0,0,0,0,0,0,0
row_88,CBG,0.0,25.71,0,15.77,1.63,8.13,22.74,39.77,8.58,1.11,0.78,3.11,0.0,0,0,0,0,0,1,0,0,0,0
row_89,CBS,0.0,47.64,1.28,16.48,2.89,12.02,38.51,63.95,21.89,3.11,1.57,3.95,0.0,0,0,0,1,0,0,0,0,0,0
row_90,CELG,0.0,102.35,0,52.76,1.94,7.53,92.98,140.72,80.0,3.05,8.62,13.57,0.0,0,1,0,0,0,0,0,0,0,0
row_91,CNP,0.0,19.14,5.53,0,-0.02,9.43,16.05,21.48,8.24,1.88,1.02,2.0,0.0,0,0,0,0,1,0,0,0,0,0
row_92,CTL,0.0,30.41,7.2,19.25,1.58,25.96,21.94,38.33,16.47,6.96,0.91,1.16,0.0,0,0,0,0,0,0,0,0,0,1
row_93,CERN,0.0,51.36,0,33.35,1.54,11.39,49.89,75.72,17.46,1.21,4.05,4.55,0.0,0,1,0,0,0,0,0,0,0,0
row_94,CF,0.0,33.16,3.58,11.2,2.96,17.32,26.1,70.32,7.73,1.76,1.72,1.83,0.0,0,0,0,0,0,0,1,0,0,0
row_95,SCHW,0.0,24.09,0.98,23.39,1.03,8.92,21.51,35.72,31.72,0.0,4.94,2.66,0.0,0,0,0,0,0,1,0,0,0,0
row_96,CHK,0.0,2.56,0.0,0,-33.88,1.84,1.5,17.3,1.7,3.63,0.13,1.46,0.0,0,0,0,0,0,0,0,0,1,0
row_97,CVX,0.0,85.3,4.82,34.82,2.45,82.31,69.58,112.2,160.54,17.14,1.31,1.04,0.0,0,0,0,0,0,0,0,0,1,0
row_98,CMG,0.0,505.33,0,33.47,15.1,69.58,399.14,758.61,15.18,0.90715,3.44,7.4,0.0,0,0,0,1,0,0,0,0,0,0
row_99,CB,0.0,118.39,0.0,13.73,8.62,89.77,96.0,119.86,38.43,3.74,1.99,1.29,0.0,0,0,0,0,0,1,0,0,0,0
row_100,CHD,0.0,92.21,1.57,30.04,3.07,15.57,76.85,92.4,11.96,0.7841,3.5,5.88,0.0,0,0,0,0,0,0,0,1,0,0
row_101,CI,0.0,140.32,0.03,17.46,8.04,46.91,118.7,170.68,36.0,4.33,0.93,2.93,0.0,0,1,0,0,0,0,0,0,0,0
row_102,XEC,0.0,84.53,0.73,0,-25.92,29.5,72.77,132.18,8.02,0.76412,5.54,2.88,0.0,0,0,0,0,0,0,0,0,1,0
row_103,CINF,0.0,63.75,3.04,16.64,3.83,39.21,49.72,63.86,10.45,0.986,2.01,1.6,0.0,0,0,0,0,0,1,0,0,0,0
row_104,CTAS,0.0,84.78,1.24,15.09,5.62,17.8,78.0,94.35,9.17,0.8950199999999999,1.95,4.73,0.0,1,0,0,0,0,0,0,0,0,0
row_105,CSCO,0.0,26.6,3.91,13.17,2.02,12.05,22.46,30.31,133.85,14.28,2.67,2.18,0.0,0,0,1,0,0,0,0,0,0,0
row_106,C,0.0,38.62,0.51,7.15,5.4,69.46,34.52,60.95,114.06,0.0,1.62,0.55,0.0,0,0,0,0,0,1,0,0,0,0
row_107,CFG,0.0,19.18,2.02,12.37,1.55,36.76,18.04,28.71,10.12,0.0,2.22,0.52,0.0,0,0,0,0,0,1,0,0,0,0
row_108,CTXS,0.0,71.61,0,35.98,1.99,12.83,59.0,84.17,11.03,0.8439800000000001,3.27,5.42,0.0,0,0,1,0,0,0,0,0,0,0
row_109,CME,0.0,93.19,2.61,25.25,3.69,61.01,81.87,100.87,31.39,2.22,9.35,1.51,0.0,0,0,0,0,0,1,0,0,0,0
row_110,CMS,0.0,40.59,3.13,21.48,1.89,14.21,31.22,40.79,11.25,1.76,1.73,2.83,0.0,0,0,0,0,1,0,0,0,0,0
row_111,COH,0.0,38.9,3.73,29.43,1.32,9.24,27.22,43.87,10.8,0.9322999999999999,2.48,4.1,0.0,0,0,0,1,0,0,0,0,0,0
row_112,CCE,0.0,50.1,2.43,19.72,2.54,4.22,41.03,53.79,11.39,1.2,1.6,11.73,0.0,0,0,0,0,0,0,0,1,0,0
row_113,CTSH,0.0,57.24,0,21.6,2.65,15.26,51.22,69.8,34.81,2.46,2.75,3.68,0.0,0,0,1,0,0,0,0,0,0,0
row_114,CL,0.0,67.42,2.25,44.36,1.52,-0.34,50.84,71.56,60.19,4.39,3.69,0,0.0,0,0,0,0,0,0,0,1,0,0
row_115,CPGX,0.0,17.58,2.91,21.73,0.81,10.15,15.39,33.0,7.03,0.5734,5.17,1.7,0.0,0,0,0,0,0,0,0,0,1,0
row_116,CMCSA,0.0,58.53,1.89,18.06,3.24,21.4,50.0,64.99,142.95,24.88,1.91,2.73,0.0,0,0,0,1,0,0,0,0,0,0
row_117,CMA,0.0,34.26,2.36,12.06,2.84,43.03,30.48,53.45,6.02,0.0,2.3,0.79,0.0,0,0,0,0,0,1,0,0,0,0
row_118,CAG,0.0,42.48,2.39,0,-4.06,7.91,33.45,45.49,18.44,2.27,1.15,5.31,0.0,0,0,0,0,0,0,0,1,0,0
row_119,CXO,0.0,88.78,0,53.07,1.67,51.51,69.94,134.13,10.57,2.35,5.43,1.78,0.0,0,0,0,0,0,0,0,0,1,0
row_120,COP,0.0,33.06,2.9,0,-3.58,35.81,31.05,69.72,40.82,6.3,1.34,0.92,0.0,0,0,0,0,0,0,0,0,1,0
row_121,CNX,0.0,7.65,0.46,0,-1.64,20.53,4.54,34.14,1.75,1.1,0.72,0.39,0.0,0,0,0,0,0,0,0,0,1,0
row_122,ED,0.0,72.45,3.74,17.89,4.05,44.55,56.86,73.9,21.27,3.56,1.67,1.61,0.0,0,0,0,0,1,0,0,0,0,0
row_123,STZ,0.0,143.64,0.88,0,5.05,0.0,110.45,155.68,0,0,0,0,0.0,0,0,0,0,0,0,0,1,0,0
row_124,GLW,0.0,18.12,2.89,18.17,1.0,14.59,15.42,24.89,20.16,2.49,2.2,1.23,0.0,1,0,0,0,0,0,0,0,0,0
row_125,COST,0.0,154.72,1.07,28.97,5.34,24.67,117.03,169.73,68.04,4.77,0.58,6.24,0.0,0,0,0,0,0,0,0,1,0,0
row_126,CCI,0.0,86.74,4.08,19.62,4.42,21.28,75.71,88.26,28.89,2.03,7.85,4.06,0.0,0,0,0,0,0,1,0,0,0,0
row_127,CSRA,0.0,26.54,1.5,19.91,1.33,1.27,25.36,26.56,4.31,0.60466,1.05,20.31,0.0,0,0,1,0,0,0,0,0,0,0
row_128,CSX,0.0,24.36,2.85,12.18,2.0,12.07,21.33,37.67,23.46,4.8,2.0,2.03,0.0,1,0,0,0,0,0,0,0,0,0
row_129,CMI,0.0,97.7,3.96,12.46,7.84,42.49,79.88,146.13,17.03,2.57,0.88,2.26,0.0,1,0,0,0,0,0,0,0,0,0
row_130,CVS,0.0,98.4,1.74,21.26,4.63,33.78,81.37,113.65,108.34,11.86,0.7,2.87,0.0,0,0,0,0,0,0,0,1,0,0
row_131,DHI,0.0,27.22,1.23,13.23,2.06,16.39,22.97,33.1,10.07,1.25,0.9,1.62,0.0,0,0,0,1,0,0,0,0,0,0
row_132,DHR,0.0,88.26,0.62,18.62,4.74,34.49,81.25,97.62,60.62,4.52,2.91,2.53,0.0,1,0,0,0,0,0,0,0,0,0
row_133,DRI,0.0,63.74,3.22,22.36,2.85,15.52,53.38,75.6,8.17,0.8733,1.18,4.08,0.0,0,0,0,1,0,0,0,0,0,0
row_134,DVA,0.0,65.33,0,52.26,1.25,23.22,61.36,85.17,13.7,2.5,0.98,2.76,0.0,0,1,0,0,0,0,0,0,0,0
row_135,DE,0.0,79.6,3.06,14.5,5.49,20.9,70.16,98.23,25.1,3.71,0.89,3.78,0.0,1,0,0,0,0,0,0,0,0,0
row_136,DLPH,0.0,66.68,1.75,13.18,5.06,8.09,55.59,90.57,18.51,2.49,1.17,7.88,0.0,0,0,0,1,0,0,0,0,0,0
row_137,DAL,0.0,49.2,1.11,8.74,5.63,13.98,34.61,52.77,38.19,8.22,0.93,3.5,0.0,1,0,0,0,0,0,0,0,0,0
row_138,XRAY,0.0,60.74,0.51,34.51,1.76,16.69,49.48,63.45,8.51,0.5923999999999999,3.03,3.47,0.0,0,1,0,0,0,0,0,0,0,0
row_139,DVN,0.0,19.56,1.18,0,-35.55,16.86,18.07,70.48,8.63,3.38,0.68,1.15,0.0,0,0,0,0,0,0,0,0,1,0
row_140,DO,0.0,19.26,0.0,0,-2.0,29.99,14.18,35.95,2.64,1.08,1.13,0.65,0.0,0,0,0,0,0,0,0,0,1,0
row_141,DFS,0.0,47.16,2.37,9.19,5.13,26.72,42.86,61.5,19.9,0.0,2.32,1.75,0.0,0,0,0,0,0,1,0,0,0,0
row_142,DISCA,0.0,24.88,0,15.79,1.58,8.59,23.74,34.94,15.78,2.44,2.5,2.93,0.0,0,0,0,1,0,0,0,0,0,0
row_143,DISCK,0.0,24.57,0,15.59,1.58,8.59,23.33,32.78,15.59,2.44,2.46,2.89,0.0,0,0,0,1,0,0,0,0,0,0
row_144,DG,0.0,76.27,1.21,19.93,3.83,18.37,59.75,81.42,22.19,2.26,1.09,4.09,0.0,0,0,0,1,0,0,0,0,0,0
row_145,DLTR,0.0,82.3,0,68.58,1.2,17.64,60.31,84.22,19.32,1.5,1.52,4.63,0.0,0,0,0,1,0,0,0,0,0,0
row_146,D,0.0,71.83,3.96,22.45,3.2,21.22,64.54,76.59,42.86,5.3,3.64,3.36,0.0,0,0,0,0,1,0,0,0,0,0
row_147,DOV,0.0,60.54,2.73,11.09,5.46,23.51,50.91,78.21,9.38,1.3,1.32,2.52,0.0,1,0,0,0,0,0,0,0,0,0
row_148,DOW,0.0,48.1,3.84,7.82,6.15,19.14,35.11,57.1,53.73,8.61,1.08,2.47,0.0,0,0,0,0,0,0,1,0,0,0
row_149,DPS,0.0,93.21,2.32,23.48,3.97,11.62,72.0,95.87,17.51,1.53,2.77,7.97,0.0,0,0,0,0,0,0,0,1,0,0
row_150,DTE,0.0,86.97,3.42,21.47,4.05,48.88,73.23,87.84,15.61,2.04,1.49,1.76,0.0,0,0,0,0,1,0,0,0,0,0
row_151,DD,0.0,60.42,2.52,27.96,2.16,11.2,47.11,76.59,52.67,4.11,2.05,5.27,0.0,0,0,0,0,0,0,1,0,0,0
row_152,DUK,0.0,76.44,4.41,18.88,4.05,57.74,65.5,80.1,52.59,8.61,2.2,1.3,0.0,0,0,0,0,1,0,0,0,0,0
row_153,DNB,0.0,95.09,2.04,20.51,4.64,-32.02,85.99,135.14,3.44,0.45480000000000004,2.07,0,0.0,1,0,0,0,0,0,0,0,0,0
row_154,ETFC,0.0,23.23,0,25.53,0.91,19.81,19.61,31.48,6.8,0.0,3.59,1.14,0.0,0,0,0,0,0,1,0,0,0,0
row_155,EMN,0.0,64.54,2.85,11.4,5.66,26.09,56.03,83.9,9.54,2.14,0.98,2.45,0.0,0,0,0,0,0,0,1,0,0,0
row_156,ETN,0.0,57.28,3.81,13.54,4.23,32.91,46.19,73.82,26.43,3.31,1.26,1.73,0.0,1,0,0,0,0,0,0,0,0,0
row_157,EBAY,0.0,24.18,0,17.05,1.42,5.55,21.52,29.83,28.5,2.95,3.29,4.31,0.0,0,0,1,0,0,0,0,0,0,0
row_158,ECL,0.0,103.68,1.3,27.78,3.73,22.97,98.62,122.48,30.62,2.92,2.18,4.45,0.0,0,0,0,0,0,0,1,0,0,0
row_159,EIX,0.0,68.79,2.99,14.91,4.61,35.6,55.18,69.24,22.41,4.05,1.8,1.91,0.0,0,0,0,0,1,0,0,0,0,0
row_160,EW,0.0,89.56,0,39.8,2.25,11.6,61.38,89.58,19.33,0.7111000000000001,7.6,7.57,0.0,0,1,0,0,0,0,0,0,0,0
row_161,EA,0.0,64.68,0,33.12,1.95,9.72,53.01,76.92,20.01,0.942,4.57,6.5,0.0,0,0,1,0,0,0,0,0,0,0
row_162,EMC,0.0,25.93,1.82,25.67,1.01,10.88,22.66,29.24,50.38,5.38,2.0,2.34,0.0,0,0,1,0,0,0,0,0,0,0
row_163,EMR,0.0,48.63,3.86,12.83,3.79,11.59,41.25,62.75,31.27,4.04,1.45,4.17,0.0,1,0,0,0,0,0,0,0,0,0
row_164,ENDP,0.0,52.67,0,0,-7.97,28.25,46.66,96.58,11.93,0.78218,3.44,1.81,0.0,0,1,0,0,0,0,0,0,0,0
row_165,ESV,0.0,7.88,3.88,0,-11.15,38.26,7.25,28.4,1.86,2.31,0.44,0.22,0.0,0,0,0,0,0,0,0,0,1,0
row_166,ETR,0.0,74.25,4.59,0,-0.99,51.89,61.27,79.84,13.25,3.51,1.14,1.42,0.0,0,0,0,0,1,0,0,0,0,0
row_167,EOG,0.0,68.5,0.93,0,-6.96,24.17,57.15,101.36,37.65,4.98,3.68,2.88,0.0,0,0,0,0,0,0,0,0,1,0
row_168,EQT,0.0,56.18,0.2,100.5,0.56,33.28,47.1,92.79,8.57,1.54,4.46,1.72,0.0,0,0,0,0,0,0,0,0,1,0
row_169,EFX,0.0,106.53,1.28,30.01,3.55,19.47,90.71,114.46,12.65,0.9014,4.65,5.36,0.0,0,0,0,0,0,1,0,0,0,0
row_170,EQIX,0.0,307.49,2.33,95.79,3.21,45.46,219.3,318.36,18.57,1.14,6.54,6.49,0.0,0,0,1,0,0,0,0,0,0,0
row_171,EQR,0.0,74.5,2.98,31.55,2.36,28.6,61.9,82.53,27.17,1.79,9.73,2.56,0.0,0,0,0,0,0,1,0,0,0,0
row_172,ESS,0.0,211.0,3.05,60.46,3.49,94.28,191.25,244.71,13.79,0.80414,11.17,2.2,0.0,0,0,0,0,0,1,0,0,0,0
row_173,EL,0.0,92.68,1.31,29.9,3.1,9.76,73.67,92.7,34.16,2.13,3.06,9.4,0.0,0,0,0,0,0,0,0,1,0,0
row_174,ES,0.0,56.66,3.22,20.53,2.76,32.46,44.64,56.92,17.96,2.42,2.24,1.73,0.0,0,0,0,0,1,0,0,0,0,0
row_175,EXC,0.0,31.98,3.91,12.59,2.54,28.04,25.09,34.98,29.42,8.22,0.99,1.13,0.0,0,0,0,0,1,0,0,0,0,0
row_176,EXPE,0.0,105.13,0.9,18.44,5.7,32.37,88.4,140.51,15.83,0.7312000000000001,2.36,3.22,0.0,0,0,0,1,0,0,0,0,0,0
row_177,EXPD,0.0,45.91,1.54,19.87,2.31,9.88,40.41,51.8,8.56,0.74754,1.25,4.6,0.0,1,0,0,0,0,0,0,0,0,0
row_178,ESRX,0.0,69.69,0,19.58,3.56,25.67,65.55,94.61,46.56,6.87,0.45,2.7,0.0,0,1,0,0,0,0,0,0,0,0
row_179,EXR,0.0,84.54,2.74,44.49,1.9,17.1,63.52,91.99,10.44,0.45793,13.83,4.8,0.0,0,0,0,0,0,1,0,0,0,0
row_180,XOM,0.0,82.01,3.54,21.3,3.85,41.01,66.55,90.09,340.83,39.69,1.38,1.99,0.0,0,0,0,0,0,0,0,0,1,0
row_181,FFIV,0.0,95.95,0,18.81,5.1,18.36,86.03,135.2,6.6,0.59424,3.33,5.14,0.0,0,0,1,0,0,0,0,0,0,0
row_182,FB,0.0,108.07,0,83.58,1.29,15.6,72.0,117.59,307.6,8.24,16.97,6.85,0.0,0,0,1,0,0,0,0,0,0,0
row_183,FAST,0.0,45.07,2.65,25.46,1.77,6.22,34.45,45.65,13.0,0.9139400000000001,3.32,7.15,0.0,1,0,0,0,0,0,0,0,0,0
row_184,FRT,0.0,150.43,2.55,49.65,3.03,23.8,124.87,153.32,10.48,0.47367000000000004,13.71,6.16,0.0,0,0,0,0,0,1,0,0,0,0
row_185,FDX,0.0,135.98,0.74,34.87,3.9,54.39,119.71,185.19,37.48,7.27,0.76,2.45,0.0,1,0,0,0,0,0,0,0,0,0
row_186,FIS,0.0,60.04,1.73,27.48,2.18,31.52,55.11,73.6,17.75,1.98,2.65,1.88,0.0,0,0,1,0,0,0,0,0,0,0
row_187,FITB,0.0,15.3,3.32,7.61,2.01,18.48,13.84,21.93,12.01,0.0,1.92,0.81,0.0,0,0,0,0,0,1,0,0,0,0
row_188,FSLR,0.0,72.25,0,12.74,5.67,53.4,40.25,72.52,7.29,0.84235,1.92,1.3,0.0,0,0,1,0,0,0,0,0,0,0
row_189,FE,0.0,33.95,4.32,24.78,1.37,29.33,28.89,37.05,14.38,3.9,0.95,1.12,0.0,0,0,0,0,1,0,0,0,0,0
row_190,FISV,0.0,99.47,0,33.27,2.99,11.81,76.34,99.48,22.18,1.6,4.17,8.33,0.0,0,0,1,0,0,0,0,0,0,0
row_191,FLIR,0.0,31.02,1.54,18.03,1.72,11.95,25.12,32.89,4.28,0.35666000000000003,2.77,2.61,0.0,1,0,0,0,0,0,0,0,0,0
row_192,FLS,0.0,41.61,1.76,20.81,2.0,12.91,33.86,62.97,5.41,0.76247,1.2,3.25,0.0,1,0,0,0,0,0,0,0,0,0
row_193,FLR,0.0,46.01,1.79,16.37,2.81,21.56,39.48,62.26,6.39,1.12,0.35,2.14,0.0,1,0,0,0,0,0,0,0,0,0
row_194,FMC,0.0,37.38,1.74,10.22,3.66,14.27,32.24,64.72,5.0,0.5998,1.51,2.59,0.0,0,0,0,0,0,0,1,0,0,0
row_195,FTI,0.0,23.86,0,14.04,1.7,10.97,22.3,44.43,5.46,0.7865,0.88,2.23,0.0,0,0,0,0,0,0,0,0,1,0
row_196,F,0.0,12.39,4.78,6.73,1.84,7.22,10.44,16.74,49.18,16.02,0.32,1.67,0.0,0,0,0,1,0,0,0,0,0,0
row_197,BEN,0.0,35.73,2.06,11.45,3.12,19.79,31.0,54.85,21.18,2.98,2.7,1.76,0.0,0,0,0,0,0,1,0,0,0,0
row_198,FCX,0.0,7.12,0.0,0,-11.31,6.26,3.52,23.97,8.9,3.38,0.57,1.15,0.0,0,0,0,0,0,0,1,0,0,0
row_199,FTR,0.0,5.31,9.31,0,-0.14,5.01,3.81,8.05,6.2,2.28,1.13,1.06,0.0,0,0,0,0,0,0,0,0,0,1
row_200,GME,0.0,29.96,4.93,8.08,3.71,18.51,24.33,47.83,3.14,0.8222,0.34,1.61,0.0,0,0,0,1,0,0,0,0,0,0
row_201,GPS,0.0,27.6,3.4,11.29,2.44,6.46,21.57,43.9,11.09,2.37,0.68,4.22,0.0,0,0,0,1,0,0,0,0,0,0
row_202,GRMN,0.0,40.31,4.98,16.87,2.39,17.63,30.93,50.79,7.65,0.62794,2.73,2.3,0.0,0,0,0,1,0,0,0,0,0,0
row_203,GD,0.0,137.24,2.02,15.11,9.08,34.46,121.61,153.76,42.76,4.66,1.34,3.92,0.0,1,0,0,0,0,0,0,0,0,0
row_204,GE,0.0,29.23,3.13,0,-0.62,10.09,19.37,31.49,284.85,15.88,2.39,2.85,0.0,1,0,0,0,0,0,0,0,0,0
row_205,GGP,0.0,27.36,2.85,19.13,1.43,9.1,24.22,31.32,24.14,1.76,9.35,2.94,0.0,0,0,0,0,0,1,0,0,0,0
row_206,GIS,0.0,60.14,3.02,24.87,2.42,8.09,47.5,60.18,35.68,3.47,2.02,7.29,0.0,0,0,0,0,0,0,0,1,0,0
row_207,GM,0.0,29.5,5.13,4.99,5.91,26.58,24.62,38.99,45.56,13.69,0.29,1.08,0.0,0,0,0,1,0,0,0,0,0,0
row_208,GPC,0.0,91.87,2.85,19.84,4.63,20.9,76.5,97.29,13.83,1.29,0.9,4.36,0.0,0,0,0,1,0,0,0,0,0,0
row_209,GILD,0.0,90.16,1.93,7.57,11.91,13.44,81.89,123.37,128.21,23.35,3.89,6.65,0.0,0,1,0,0,0,0,0,0,0,0
row_210,GS,0.0,148.25,1.75,12.21,12.14,171.45,139.05,218.77,65.47,0.0,1.9,0.85,0.0,0,0,0,0,0,1,0,0,0,0
row_211,GT,0.0,29.95,0.9,26.62,1.12,14.68,24.9,35.3,8.0,2.34,0.48,2.0,0.0,0,0,0,1,0,0,0,0,0,0
row_212,GWW,0.0,217.5,2.12,18.78,11.58,37.93,176.85,252.87,13.49,1.53,1.34,5.69,0.0,1,0,0,0,0,0,0,0,0,0
row_213,HAL,0.0,32.5,2.19,0,-0.79,18.06,27.64,50.2,27.9,4.07,1.18,1.8,0.0,0,0,0,0,0,0,0,0,1,0
row_214,HBI,0.0,28.07,1.63,26.48,1.06,3.26,23.25,34.8,10.99,0.97435,1.89,8.48,0.0,0,0,0,1,0,0,0,0,0,0
row_215,HOG,0.0,43.32,2.89,11.74,3.69,10.01,36.36,65.2,7.96,1.36,1.29,4.21,0.0,0,0,0,1,0,0,0,0,0,0
row_216,HAR,0.0,75.79,1.85,15.88,4.77,34.38,66.2,149.12,5.39,0.76971,0.8,2.15,0.0,0,0,0,1,0,0,0,0,0,0
row_217,HRS,0.0,76.14,2.62,137.69,0.55,26.13,69.84,89.78,9.49,1.46,1.48,2.89,0.0,0,0,1,0,0,0,0,0,0,0
row_218,HIG,0.0,42.73,1.98,10.79,3.96,43.91,36.54,50.95,17.17,2.67,0.92,0.95,0.0,0,0,0,0,0,1,0,0,0,0
row_219,HAS,0.0,76.13,2.74,21.32,3.57,13.31,59.74,84.42,9.51,0.84726,2.13,5.69,0.0,0,0,0,1,0,0,0,0,0,0
row_220,HCA,0.0,70.0,0.0,14.03,4.99,-19.06,43.91,95.49,27.91,7.87,0.7,0,0.0,0,1,0,0,0,0,0,0,0,0
row_221,HCP,0.0,29.66,7.94,0,-1.21,20.07,25.11,44.79,13.81,1.81,5.29,1.44,0.0,0,0,0,0,0,1,0,0,0,0
row_222,HP,0.0,51.5,5.1,23.86,2.16,44.72,40.02,79.9,5.56,1.02,2.14,1.15,0.0,0,0,0,0,0,0,0,0,1,0
row_223,HSIC,0.0,169.35,0,29.76,5.69,35.0,126.17,169.45,13.88,0.92803,1.29,4.79,0.0,0,1,0,0,0,0,0,0,0,0
row_224,HES,0.0,41.58,2.24,0,-10.78,68.45,32.41,79.0,11.78,1.6,1.81,0.61,0.0,0,0,0,0,0,0,0,0,1,0
row_225,HPE,0.0,13.68,1.59,10.21,1.34,19.25,11.62,18.5,23.84,7.67,0.45,0.7,0.0,0,0,1,0,0,0,0,0,0,0
row_226,HD,0.0,126.86,1.92,23.8,5.33,6.01,92.17,135.47,160.84,13.14,1.84,20.9,0.0,0,0,0,1,0,0,0,0,0,0
row_227,HON,0.0,104.19,2.26,17.25,6.04,23.73,87.0,111.86,80.16,7.71,2.06,4.35,0.0,1,0,0,0,0,0,0,0,0,0
row_228,HRL,0.0,43.87,1.35,31.79,1.38,7.87,27.08,45.72,23.2,1.3,2.52,5.55,0.0,0,0,0,0,0,0,0,1,0,0
row_229,HST,0.0,15.51,5.22,20.96,0.74,9.41,12.17,21.91,11.64,1.43,2.07,1.6,0.0,0,0,0,0,0,1,0,0,0,0
row_230,HPQ,0.0,10.34,4.64,4.17,2.48,15.4,8.91,16.17,18.53,12.2,0.19,0.7,0.0,0,0,1,0,0,0,0,0,0,0
row_231,HUM,0.0,176.6,0.68,20.92,8.44,69.77,155.24,219.79,26.19,2.57,0.47,2.47,0.0,0,1,0,0,0,0,0,0,0,0
row_232,HBAN,0.0,8.64,3.17,10.67,0.81,7.81,7.83,11.9,6.87,0.0,2.35,1.09,0.0,0,0,0,0,0,1,0,0,0,0
row_233,ITW,0.0,94.98,2.28,18.51,5.13,14.36,78.79,100.14,34.55,3.34,2.56,6.56,0.0,1,0,0,0,0,0,0,0,0,0
row_234,ILMN,0.0,152.4,0,49.16,3.1,12.66,130.0,242.37,22.24,0.6698500000000001,9.83,11.8,0.0,0,1,0,0,0,0,0,0,0,0
row_235,IR,0.0,56.49,2.38,22.79,2.48,22.26,47.08,70.93,14.51,1.81,1.07,2.49,0.0,1,0,0,0,0,0,0,0,0,0
row_236,INTC,0.0,29.62,3.54,12.71,2.33,12.93,24.87,35.59,139.92,23.07,2.49,2.26,0.0,0,0,1,0,0,0,0,0,0,0
row_237,ICE,0.0,245.03,1.38,21.51,11.39,124.44,220.28,268.89,28.19,2.13,8.42,1.96,0.0,0,0,0,0,0,1,0,0,0,0
row_238,IBM,0.0,134.5,3.89,10.02,13.42,14.76,116.9,176.3,129.93,19.59,1.57,8.99,0.0,0,0,1,0,0,0,0,0,0,0
row_239,IP,0.0,34.79,5.12,15.6,2.23,9.47,32.5,57.01,14.4,3.68,0.64,3.66,0.0,0,0,0,0,0,0,1,0,0,0
row_240,IPG,0.0,21.58,2.83,19.8,1.09,4.59,18.16,23.8,8.77,1.03,1.14,4.66,0.0,0,0,0,1,0,0,0,0,0,0
row_241,IFF,0.0,105.02,2.13,20.75,5.06,19.86,97.24,122.84,8.4,0.70166,2.81,5.35,0.0,0,0,0,0,0,0,1,0,0,0
row_242,INTU,0.0,100.07,1.22,67.34,1.49,3.98,79.63,109.21,26.42,1.17,6.08,24.86,0.0,0,0,1,0,0,0,0,0,0,0
row_243,ISRG,0.0,559.28,0,35.99,15.54,115.5,447.0,580.0,20.91,0.8387,8.74,4.79,0.0,0,1,0,0,0,0,0,0,0,0
row_244,IVZ,0.0,26.88,3.97,11.91,2.26,18.65,24.9,42.05,11.37,1.46,2.16,1.4,0.0,0,0,0,0,0,1,0,0,0,0
row_245,IRM,0.0,29.93,6.59,48.75,0.61,2.88,23.64,38.91,6.32,0.90255,2.03,10.13,0.0,1,0,0,0,0,0,0,0,0,0
row_246,JBHT,0.0,77.15,1.14,21.08,3.66,11.41,63.58,93.5,8.79,1.05,1.4,6.64,0.0,1,0,0,0,0,0,0,0,0,0
row_247,JEC,0.0,38.47,0,19.18,2.01,35.07,34.76,48.25,4.71,0.5578,0.4,1.1,0.0,1,0,0,0,0,0,0,0,0,0
row_248,JNJ,0.0,106.38,2.86,19.42,5.48,25.86,81.79,106.39,294.35,21.99,4.14,4.06,0.0,0,1,0,0,0,0,0,0,0,0
row_249,JCI,0.0,36.43,3.24,15.87,2.3,16.21,33.62,54.52,23.62,3.04,0.64,2.21,0.0,0,0,0,1,0,0,0,0,0,0
row_250,JPM,0.0,57.01,3.0,9.5,6.0,60.29,50.07,70.61,209.47,0.0,2.3,0.93,0.0,0,0,0,0,0,1,0,0,0,0
row_251,JNPR,0.0,24.96,1.61,15.7,1.59,11.94,21.49,32.39,9.56,1.08,1.96,2.08,0.0,0,0,1,0,0,0,0,0,0,0
row_252,KSU,0.0,82.34,1.59,18.71,4.4,36.03,62.2,117.55,8.93,1.1,3.64,2.25,0.0,1,0,0,0,0,0,0,0,0,0
row_253,K,0.0,74.91,2.71,43.55,1.72,6.08,61.13,76.24,26.22,1.97,1.91,12.16,0.0,0,0,0,0,0,0,0,1,0,0
row_254,GMCR,0.0,91.8,1.42,30.49,3.01,16.89,39.8,131.09,13.72,1.03,3.13,5.44,0.0,0,0,0,0,0,0,0,1,0,0
row_255,KEY,0.0,10.69,2.74,10.17,1.05,12.51,9.88,15.7,8.93,0.0,2.17,0.84,0.0,0,0,0,0,0,1,0,0,0,0
row_256,KMB,0.0,133.5,2.8,48.19,2.77,-0.48,103.04,133.53,48.18,4.13,2.57,0,0.0,0,0,0,0,0,0,0,1,0,0
row_257,KIM,0.0,27.12,3.77,13.56,2.0,12.21,22.07,28.08,11.21,0.7364700000000001,9.39,2.18,0.0,0,0,0,0,0,1,0,0,0,0
row_258,KMI,0.0,17.75,2.79,181.12,0.1,15.75,11.2,44.71,39.61,6.82,2.74,1.12,0.0,0,0,0,0,0,0,0,0,1,0
row_259,KLAC,0.0,67.45,3.14,20.22,3.34,2.35,44.95,70.28,10.5,0.90007,3.63,28.24,0.0,0,0,1,0,0,0,0,0,0,0
row_260,KSS,0.0,46.67,4.0,12.4,3.76,28.66,39.23,79.6,8.86,2.58,0.45,1.59,0.0,0,0,0,1,0,0,0,0,0,0
row_261,KHC,0.0,74.96,3.14,0,-0.55,48.48,61.42,81.2,90.96,3.15,6.32,1.51,0.0,0,0,0,0,0,0,0,1,0,0
row_262,KR,0.0,39.46,1.1,19.52,2.02,6.49,27.32,42.75,38.46,5.6,0.35,5.96,0.0,0,0,0,0,0,0,0,1,0,0
row_263,LB,0.0,85.67,2.86,21.51,3.98,-2.26,75.11,101.11,24.8,2.52,2.04,0,0.0,0,0,0,1,0,0,0,0,0,0
row_264,LLL,0.0,119.19,2.36,0,-2.93,55.41,101.11,131.36,9.36,1.1,0.88,2.13,0.0,1,0,0,0,0,0,0,0,0,0
row_265,LH,0.0,110.72,0.0,25.51,4.34,49.46,97.79,131.19,11.22,1.61,1.31,2.23,0.0,0,1,0,0,0,0,0,0,0,0
row_266,LRCX,0.0,72.43,1.71,14.99,4.83,35.01,61.2,84.48,11.51,1.39,1.9,2.01,0.0,0,0,1,0,0,0,0,0,0,0
row_267,LM,0.0,27.94,2.81,30.8,0.91,39.79,24.93,58.79,3.01,0.55244,1.1,0.7,0.0,0,0,0,0,0,1,0,0,0,0
row_268,LEG,0.0,44.71,2.87,19.63,2.28,8.1,36.64,51.28,6.06,0.5987,1.55,5.53,0.0,1,0,0,0,0,0,0,0,0,0
row_269,LEN,0.0,42.24,0.39,12.2,3.46,26.75,37.14,56.04,8.93,1.16,0.92,1.54,0.0,0,0,0,1,0,0,0,0,0,0
row_270,LUK,0.0,14.62,1.66,19.62,0.75,28.61,14.27,25.39,5.3,0.41827,0.48,0.51,0.0,0,0,0,0,0,1,0,0,0,0
row_271,LVLT,0.0,48.61,0,5.07,9.58,28.42,40.86,57.08,17.32,2.49,2.11,1.71,0.0,0,0,0,0,0,0,0,0,0,1
row_272,LLY,0.0,74.82,2.79,33.11,2.26,14.34,68.31,92.85,79.68,5.19,3.95,5.17,0.0,0,1,0,0,0,0,0,0,0,0
row_273,LNC,0.0,36.4,2.72,8.07,4.51,55.34,30.39,62.08,8.96,1.63,0.65,0.64,0.0,0,0,0,0,0,1,0,0,0,0
row_274,LLTC,0.0,43.81,2.94,21.48,2.04,6.87,36.41,49.57,10.49,0.70285,7.2,6.31,0.0,0,0,1,0,0,0,0,0,0,0
row_275,LMT,0.0,220.03,3.07,19.2,11.46,10.22,181.91,227.91,66.67,6.7,1.42,21.19,0.0,1,0,0,0,0,0,0,0,0,0
row_276,L,0.0,36.44,0.67,50.82,0.72,52.52,33.84,42.59,12.39,1.16,0.92,0.69,0.0,0,0,0,0,0,1,0,0,0,0
row_277,LOW,0.0,68.7,1.61,21.8,3.15,9.14,62.62,78.13,62.87,6.95,1.08,7.51,0.0,0,0,0,1,0,0,0,0,0,0
row_278,LYB,0.0,78.18,3.87,8.15,9.59,14.88,69.1,107.32,33.79,7.13,1.02,5.21,0.0,0,0,0,0,0,0,1,0,0,0
row_279,MTB,0.0,105.29,2.56,14.66,7.18,93.62,100.08,134.0,16.8,0.0,3.72,1.12,0.0,0,0,0,0,0,1,0,0,0,0
row_280,MAC,0.0,79.9,3.43,25.94,3.08,30.54,71.98,95.93,12.34,0.82005,9.15,2.56,0.0,0,0,0,0,0,1,0,0,0,0
row_281,M,0.0,43.37,3.51,11.23,3.86,12.63,34.05,73.61,13.63,3.67,0.49,3.39,0.0,0,0,0,1,0,0,0,0,0,0
row_282,MNK,0.0,67.32,0,17.83,3.78,46.13,52.01,134.26,7.53,1.43,2.12,1.44,0.0,0,1,0,0,0,0,0,0,0,0
row_283,MRO,0.0,7.39,2.67,0,-3.26,28.56,6.52,31.53,5.0,3.31,0.87,0.25,0.0,0,0,0,0,0,0,0,0,1,0
row_284,MPC,0.0,34.22,3.83,6.51,5.26,22.99,29.24,60.38,18.17,6.05,0.28,1.48,0.0,0,0,0,0,0,0,0,0,1,0
row_285,MAR,0.0,68.3,1.5,21.68,3.15,-14.01,56.43,85.0,17.31,1.55,5.95,0,0.0,0,0,0,1,0,0,0,0,0,0
row_286,MMC,0.0,57.76,2.15,19.38,2.98,12.65,50.81,59.99,30.15,2.84,2.33,4.54,0.0,0,0,0,0,0,1,0,0,0,0
row_287,MLM,0.0,143.5,1.14,33.45,4.29,62.95,108.31,178.67,9.26,0.7675,2.82,2.27,0.0,0,0,0,0,0,0,1,0,0,0
row_288,MAS,0.0,28.91,1.37,28.23,1.02,-0.41,22.38,30.61,9.55,1.05,1.33,0,0.0,1,0,0,0,0,0,0,0,0,0
row_289,MA,0.0,87.42,0.87,26.1,3.35,5.4,74.61,101.76,97.1,5.58,9.93,16.0,0.0,0,0,1,0,0,0,0,0,0,0
row_290,MAT,0.0,33.14,4.69,30.69,1.08,7.75,19.45,34.36,11.26,0.6403,1.93,4.17,0.0,0,0,0,1,0,0,0,0,0,0
row_291,MKC,0.0,94.1,1.88,30.26,3.11,13.12,71.01,94.17,11.96,0.7052999999999999,2.75,7.08,0.0,0,0,0,0,0,0,0,1,0,0
row_292,MCD,0.0,118.37,3.03,24.69,4.8,9.05,87.5,124.83,108.69,8.91,4.23,12.93,0.0,0,0,0,1,0,0,0,0,0,0
row_293,MHFI,0.0,90.11,1.61,21.4,4.21,0.73,78.55,109.13,23.91,2.21,4.42,120.85,0.0,0,0,0,0,0,1,0,0,0,0
row_294,MCK,0.0,155.37,0.72,18.58,8.36,38.83,148.29,243.61,35.52,4.29,0.19,3.98,0.0,0,1,0,0,0,0,0,0,0,0
row_295,MJN,0.0,73.37,2.23,22.44,3.27,-3.39,65.53,105.45,13.68,1.09,3.33,0,0.0,0,0,0,0,0,0,0,1,0,0
row_296,MDT,0.0,77.66,1.98,44.38,1.75,37.17,55.54,79.5,109.2,7.71,4.16,2.06,0.0,0,1,0,0,0,0,0,0,0,0
row_297,MRK,0.0,51.0,3.62,32.69,1.56,16.27,45.69,61.7,142.47,14.92,3.58,3.11,0.0,0,1,0,0,0,0,0,0,0,0
row_298,MET,0.0,39.42,3.83,8.63,4.57,61.88,35.0,58.23,43.28,7.96,0.61,0.62,0.0,0,0,0,0,0,1,0,0,0,0
row_299,KORS,0.0,56.47,0,13.02,4.34,11.04,34.83,68.93,10.11,1.36,2.16,5.02,0.0,0,0,0,1,0,0,0,0,0,0
row_300,MCHP,0.0,43.81,3.33,26.86,1.63,10.45,37.77,52.44,8.92,0.69614,4.12,4.18,0.0,0,0,1,0,0,0,0,0,0,0
row_301,MU,0.0,10.72,0.0,5.83,1.84,11.89,9.31,31.5,11.12,4.91,0.74,0.9,0.0,0,0,1,0,0,0,0,0,0,0
row_302,MSFT,0.0,52.1,2.74,36.87,1.41,9.69,39.72,56.85,412.07,30.46,4.61,5.3,0.0,0,0,1,0,0,0,0,0,0,0
row_303,MHK,0.0,171.04,0,0,49.9,64.25,148.56,212.16,12.64,1.33,1.57,2.66,0.0,0,0,0,1,0,0,0,0,0,0
row_304,TAP,0.0,86.63,1.89,44.86,1.93,38.17,63.91,95.74,18.58,0.6382000000000001,5.18,2.26,0.0,0,0,0,0,0,0,0,1,0,0
row_305,MDLZ,0.0,41.58,1.71,9.36,4.44,17.73,33.97,48.58,65.23,4.66,2.16,2.3,0.0,0,0,0,0,0,0,0,1,0,0
row_306,MON,0.0,89.84,2.41,23.37,3.85,8.08,81.22,123.82,39.56,4.36,2.72,10.96,0.0,0,0,0,0,0,0,1,0,0,0
row_307,MNST,0.0,133.11,0,46.2,2.88,22.96,113.08,160.5,26.98,0.9583200000000001,10.01,5.77,0.0,0,0,0,0,0,0,0,1,0,0
row_308,MCO,0.0,88.64,1.68,19.14,4.63,-1.7,77.76,113.87,17.38,1.59,4.88,0,0.0,0,0,0,0,0,1,0,0,0,0
row_309,MS,0.0,24.63,2.44,8.49,2.9,34.97,21.16,41.04,47.29,0.0,1.29,0.68,0.0,0,0,0,0,0,1,0,0,0,0
row_310,MSI,0.0,74.06,2.46,29.61,2.5,-1.74,56.4,74.18,13.08,1.26,2.2,0,0.0,0,0,1,0,0,0,0,0,0,0
row_311,MUR,0.0,16.43,5.1,0,-13.03,30.94,14.3,51.61,2.83,1.35,0.95,0.54,0.0,0,0,0,0,0,0,0,0,1,0
row_312,MYL,0.0,47.42,0.0,27.89,1.7,19.92,37.59,76.69,23.25,2.72,2.42,2.34,0.0,0,1,0,0,0,0,0,0,0,0
row_313,NDAQ,0.0,64.51,1.57,25.8,2.5,34.08,47.81,64.95,10.62,1.07,3.08,1.87,0.0,0,0,0,0,0,1,0,0,0,0
row_314,NOV,0.0,27.66,4.76,0,-1.99,43.6,25.74,56.64,10.39,2.05,0.72,0.65,0.0,0,0,0,0,0,0,0,0,1,0
row_315,NAVI,0.0,10.66,6.18,4.08,2.61,11.39,8.2,22.0,3.72,0.0,1.49,0.9,0.0,0,0,0,0,0,1,0,0,0,0
row_316,NTAP,0.0,24.63,2.88,19.93,1.24,10.61,20.66,38.93,7.22,0.6025,1.28,2.36,0.0,0,0,1,0,0,0,0,0,0,0
row_317,NFLX,0.0,94.53,0,337.61,0.28,5.2,58.46,133.27,40.47,0.36811,5.78,17.63,0.0,0,0,1,0,0,0,0,0,0,0
row_318,NWL,0.0,37.87,1.99,29.27,1.29,6.8,33.26,50.9,10.15,1.01,1.7,5.52,0.0,0,0,0,1,0,0,0,0,0,0
row_319,NFX,0.0,24.41,0,0,-15.39,12.56,20.84,41.34,3.95,1.67,2.24,1.86,0.0,0,0,0,0,0,0,0,0,1,0
row_320,NEM,0.0,25.85,0.4,60.68,0.43,21.43,15.39,27.9,13.68,2.83,1.75,1.19,0.0,0,0,0,0,0,0,1,0,0,0
row_321,NWSA,0.0,10.87,1.8,0,-0.21,20.29,10.21,17.52,6.31,0.639,0.74,0.53,0.0,0,0,0,1,0,0,0,0,0,0
row_322,NWS,0.0,11.49,1.7,0,-0.21,20.29,10.74,17.07,6.67,0.639,0.79,0.57,0.0,0,0,0,1,0,0,0,0,0,0
row_323,NEE,0.0,115.84,3.01,19.12,6.06,48.86,93.74,116.98,53.52,7.86,3.06,2.37,0.0,0,0,0,0,1,0,0,0,0,0
row_324,NLSN,0.0,49.66,2.26,32.25,1.54,12.23,42.23,49.95,17.97,1.5,2.9,4.04,0.0,1,0,0,0,0,0,0,0,0,0
row_325,NKE,0.0,62.38,1.06,30.3,2.06,7.85,47.25,68.19,106.24,5.06,3.28,7.69,0.0,0,0,0,1,0,0,0,0,0,0
row_326,NI,0.0,22.03,2.83,24.42,0.9,12.04,16.04,22.14,7.04,1.28,1.49,1.81,0.0,0,0,0,0,1,0,0,0,0,0
row_327,NBL,0.0,30.26,1.27,0,-6.07,24.07,23.77,53.68,13.04,1.64,4.22,1.24,0.0,0,0,0,0,0,0,0,0,1,0
row_328,JWN,0.0,52.43,2.88,16.64,3.15,5.02,44.49,83.16,9.1,1.72,0.62,10.34,0.0,0,0,0,1,0,0,0,0,0,0
row_329,NSC,0.0,73.67,3.11,14.46,5.09,40.93,64.51,111.76,21.97,3.94,2.1,1.81,0.0,1,0,0,0,0,0,0,0,0,0
row_330,NTRS,0.0,59.52,2.36,14.92,3.99,36.27,54.38,79.25,13.65,0.0,2.84,1.62,0.0,0,0,0,0,0,1,0,0,0,0
row_331,NOC,0.0,192.93,1.66,18.57,10.39,30.46,152.31,193.99,34.91,3.54,1.46,6.21,0.0,1,0,0,0,0,0,0,0,0,0
row_332,NRG,0.0,10.9,5.49,0,-0.04,28.85,8.8,26.93,3.42,3.18,0.21,0.38,0.0,0,0,0,0,1,0,0,0,0,0
row_333,NUE,0.0,39.75,3.77,35.81,1.11,23.13,33.9,50.7,12.74,1.82,0.76,1.69,0.0,0,0,0,0,0,0,1,0,0,0
row_334,NVDA,0.0,31.89,1.46,29.53,1.08,8.29,19.09,33.94,17.19,1.08,3.42,3.84,0.0,0,0,1,0,0,0,0,0,0,0
row_335,ORLY,0.0,267.27,0,29.15,9.17,20.07,202.44,277.96,26.12,1.72,3.24,13.14,0.0,0,0,0,1,0,0,0,0,0,0
row_336,OXY,0.0,69.65,4.19,0,-10.23,31.91,58.24,82.06,53.16,5.03,4.25,2.18,0.0,0,0,0,0,0,0,0,0,1,0
row_337,OMC,0.0,77.71,2.59,17.62,4.41,10.23,64.12,80.98,18.62,2.21,1.22,7.52,0.0,0,0,0,1,0,0,0,0,0,0
row_338,OKE,0.0,21.37,11.5,14.3,1.49,1.98,18.84,51.53,4.47,1.4,0.52,10.86,0.0,0,0,0,0,0,0,0,0,1,0
row_339,ORCL,0.0,37.29,1.62,17.98,2.07,10.91,33.13,45.24,156.66,15.21,4.11,3.36,0.0,0,0,1,0,0,0,0,0,0,0
row_340,OI,0.0,15.08,0,0,-0.47,2.89,11.58,26.41,2.43,0.982,0.4,5.3,0.0,0,0,0,0,0,0,1,0,0,0
row_341,PCAR,0.0,51.82,1.84,11.49,4.51,19.76,43.46,68.44,18.21,2.77,0.94,2.59,0.0,1,0,0,0,0,0,0,0,0,0
row_342,PH,0.0,101.63,2.45,16.81,6.05,35.52,83.32,125.94,13.73,1.68,1.15,2.85,0.0,1,0,0,0,0,0,0,0,0,0
row_343,PDCO,0.0,45.09,1.94,24.33,1.85,13.84,38.51,53.07,4.44,0.46429000000000004,0.89,3.25,0.0,0,1,0,0,0,0,0,0,0,0
row_344,PAYX,0.0,52.14,3.24,25.95,2.01,5.15,41.59,54.78,18.82,1.22,6.56,10.03,0.0,0,0,1,0,0,0,0,0,0,0
row_345,PYPL,0.0,36.74,0,36.74,1.0,11.24,30.0,42.55,44.92,1.95,4.82,3.24,0.0,0,0,1,0,0,0,0,0,0,0
row_346,PNR,0.0,47.9,2.69,18.65,2.57,25.23,41.57,69.65,8.65,0.9927999999999999,1.34,1.9,0.0,1,0,0,0,0,0,0,0,0,0
row_347,PBCT,0.0,14.78,4.51,17.19,0.86,15.62,13.62,16.95,4.48,0.0,3.52,0.93,0.0,0,0,0,0,0,1,0,0,0,0
row_348,POM,0.0,26.52,4.07,20.64,1.28,17.35,21.61,27.34,6.75,1.29,1.34,1.53,0.0,0,0,0,0,1,0,0,0,0,0
row_349,PEP,0.0,100.67,2.81,27.42,3.67,8.33,76.48,103.44,145.51,12.25,2.28,11.96,0.0,0,0,0,0,0,0,0,1,0,0
row_350,PKI,0.0,47.62,0.59,25.4,1.88,18.75,39.5,54.52,5.36,0.42052999999999996,2.36,2.53,0.0,0,1,0,0,0,0,0,0,0,0
row_351,PRGO,0.0,129.15,0.47,0,-0.23,73.31,122.62,215.73,18.91,1.44,3.45,1.72,0.0,0,1,0,0,0,0,0,0,0,0
row_352,PFE,0.0,30.59,3.99,27.51,1.11,10.82,28.25,36.46,188.83,17.86,3.79,2.77,0.0,0,1,0,0,0,0,0,0,0,0
row_353,PCG,0.0,58.34,3.22,32.59,1.79,33.69,47.33,58.46,28.75,4.07,1.68,1.71,0.0,0,0,0,0,1,0,0,0,0,0
row_354,PM,0.0,92.45,4.41,20.92,4.42,-8.55,75.27,92.85,143.24,11.45,5.29,0,0.0,0,0,0,0,0,0,0,1,0,0
row_355,PSX,0.0,78.76,2.77,10.19,7.73,43.48,69.79,94.12,41.66,5.63,0.49,1.82,0.0,0,0,0,0,0,0,0,0,1,0
row_356,PNW,0.0,71.21,3.59,18.17,3.92,41.3,56.01,71.4,7.9,1.43,2.23,1.7,0.0,0,0,0,0,1,0,0,0,0,0
row_357,PXD,0.0,120.49,0.06,0,-1.84,56.21,103.5,181.97,17.95,1.41,5.66,2.12,0.0,0,0,0,0,0,0,0,0,1,0
row_358,PBI,0.0,17.85,4.23,8.81,2.03,0.91,16.24,24.17,3.5,0.7993300000000001,0.97,19.48,0.0,1,0,0,0,0,0,0,0,0,0
row_359,PNC,0.0,82.94,2.42,11.24,7.38,81.86,77.67,100.52,41.8,0.0,2.77,1.01,0.0,0,0,0,0,0,1,0,0,0,0
row_360,RL,0.0,91.92,2.2,16.65,5.52,45.29,82.15,141.08,7.72,1.14,1.02,1.99,0.0,0,0,0,1,0,0,0,0,0,0
row_361,PPG,0.0,97.01,1.49,18.86,5.14,18.67,82.93,118.95,25.88,2.57,1.66,5.12,0.0,0,0,0,0,0,0,1,0,0,0
row_362,PPL,0.0,36.35,4.22,36.31,1.0,14.72,29.18,37.23,24.49,3.77,3.16,2.44,0.0,0,0,0,0,1,0,0,0,0,0
row_363,PX,0.0,102.61,2.88,19.18,5.35,15.38,95.6,130.38,29.27,3.59,2.7,6.62,0.0,0,0,0,0,0,0,1,0,0,0
row_364,PCLN,0.0,1263.41,0,25.55,49.45,177.29,954.02,1476.52,62.69,3.5,6.8,7.13,0.0,0,0,0,1,0,0,0,0,0,0
row_365,PFG,0.0,37.74,4.07,9.3,4.06,31.95,33.09,58.02,11.01,1.65,0.91,1.16,0.0,0,0,0,0,0,1,0,0,0,0
row_366,PG,0.0,82.34,3.23,27.89,2.95,22.39,65.02,85.44,222.69,18.67,3.04,3.64,0.0,0,0,0,0,0,0,0,1,0,0
row_367,PGR,0.0,32.17,2.77,14.96,2.15,12.49,25.92,33.95,18.77,2.19,0.89,2.55,0.0,0,0,0,0,0,1,0,0,0,0
row_368,PLD,0.0,39.07,4.24,23.87,1.64,27.85,35.25,44.96,20.46,1.4,8.48,1.37,0.0,0,0,0,0,0,1,0,0,0,0
row_369,PRU,0.0,66.07,4.24,5.43,12.17,93.36,57.19,92.6,29.65,8.81,0.58,0.69,0.0,0,0,0,0,0,1,0,0,0,0
row_370,PEG,0.0,43.74,3.74,13.25,3.3,25.59,36.8,44.18,22.13,4.29,2.11,1.7,0.0,0,0,0,0,1,0,0,0,0,0
row_371,PSA,0.0,255.1,2.68,42.03,6.07,29.58,182.08,257.98,44.11,1.71,17.77,8.45,0.0,0,0,0,0,0,1,0,0,0,0
row_372,PHM,0.0,17.34,2.09,12.71,1.36,13.63,14.61,22.95,6.05,0.8359,1.0,1.25,0.0,0,0,0,1,0,0,0,0,0,0
row_373,PVH,0.0,80.25,0.2,13.67,5.87,55.38,64.16,120.67,6.58,0.9469,0.79,1.39,0.0,0,0,0,1,0,0,0,0,0,0
row_374,QRVO,0.0,42.67,0,3282.31,0.01,40.09,33.3,88.35,5.85,0.7211900000000001,2.19,1.05,0.0,0,0,1,0,0,0,0,0,0,0
row_375,QCOM,0.0,51.64,3.74,17.16,3.01,20.23,42.24,74.09,77.2,8.03,3.21,2.55,0.0,0,0,1,0,0,0,0,0,0,0
row_376,PWR,0.0,19.92,0,10.97,1.82,19.53,16.77,30.61,3.18,0.60592,0.38,0.95,0.0,1,0,0,0,0,0,0,0,0,0
row_377,DGX,0.0,66.72,2.4,13.7,4.87,32.76,59.66,89.0,9.54,1.46,1.26,2.02,0.0,0,1,0,0,0,0,0,0,0,0
row_378,RRC,0.0,23.35,0.64,0,-0.68,18.57,19.21,65.53,3.88,1.23,2.87,1.26,0.0,0,0,0,0,0,0,0,0,1,0
row_379,RTN,0.0,125.02,2.15,18.4,6.79,33.87,95.32,129.99,37.38,3.28,1.59,3.65,0.0,1,0,0,0,0,0,0,0,0,0
row_380,O,0.0,60.12,3.99,55.21,1.09,24.5,43.15,61.34,15.06,0.92653,14.58,2.43,0.0,0,0,0,0,0,1,0,0,0,0
row_381,RHT,0.0,67.68,0,65.71,1.03,7.36,59.59,84.44,12.36,0.36778,6.05,8.88,0.0,0,0,1,0,0,0,0,0,0,0
row_382,REGN,0.0,393.99,0,71.38,5.52,35.11,350.26,605.93,41.02,1.33,9.99,11.21,0.0,0,1,0,0,0,0,0,0,0,0
row_383,RF,0.0,7.51,3.04,10.01,0.75,12.35,7.0,10.87,9.67,0.0,1.89,0.6,0.0,0,0,0,0,0,1,0,0,0,0
row_384,RSG,0.0,46.23,2.61,21.7,2.13,22.5,38.99,46.31,15.94,2.56,1.74,2.04,0.0,1,0,0,0,0,0,0,0,0,0
row_385,RAI,0.0,50.94,3.37,19.82,2.57,12.79,33.71,51.22,72.71,4.23,6.81,3.98,0.0,0,0,0,0,0,0,0,1,0,0
row_386,RHI,0.0,39.39,2.25,14.64,2.69,7.77,36.17,63.27,5.09,0.63395,1.0,5.05,0.0,1,0,0,0,0,0,0,0,0,0
row_387,ROK,0.0,104.04,2.76,17.54,5.93,17.02,87.53,127.05,13.67,1.27,2.18,6.02,0.0,1,0,0,0,0,0,0,0,0,0
row_388,COL,0.0,88.64,1.5,18.09,4.9,14.47,76.03,99.37,11.62,1.18,2.23,6.1,0.0,1,0,0,0,0,0,0,0,0,0
row_389,ROP,0.0,171.0,0.69,24.96,6.85,52.55,150.91,195.93,17.24,1.23,4.79,3.24,0.0,1,0,0,0,0,0,0,0,0,0
row_390,ROST,0.0,56.54,0.85,23.08,2.45,5.91,43.47,57.19,22.9,1.87,1.94,9.52,0.0,0,0,0,1,0,0,0,0,0,0
row_391,RCL,0.0,74.47,2.03,24.66,3.02,36.99,64.21,103.4,16.23,2.11,1.91,1.97,0.0,0,0,0,1,0,0,0,0,0,0
row_392,R,0.0,56.23,2.8,9.85,5.71,37.15,45.12,100.64,3.01,1.76,0.46,1.52,0.0,1,0,0,0,0,0,0,0,0,0
row_393,CRM,0.0,69.42,0,0,-0.13,7.15,52.6,82.9,46.09,0.39981,6.59,8.74,0.0,0,0,1,0,0,0,0,0,0,0
row_394,SNDK,0.0,71.48,1.77,39.27,1.82,28.56,44.28,87.43,14.37,1.38,2.52,2.45,0.0,0,0,1,0,0,0,0,0,0,0
row_395,SCG,0.0,66.78,3.5,12.79,5.22,37.92,49.89,66.9,9.54,1.5,2.17,1.75,0.0,0,0,0,0,1,0,0,0,0,0
row_396,SLB,0.0,72.35,2.69,44.39,1.63,28.36,59.6,95.13,90.9,9.64,2.56,2.55,0.0,0,0,0,0,0,0,0,0,1,0
