md3_id,age,Medu,Fedu,traveltime,studytime,failures,famrel,freetime,goout,Dalc,Walc,health,absences,G1,G2,G3,GP_col_0,MS_col_0,F_col_1,M_col_1,U_col_3,R_col_3,GT3_col_4,LE3_col_4,A_col_5,T_col_5,at_home_col_8,health_col_8,other_col_8,services_col_8,teacher_col_8,teacher_col_9,other_col_9,services_col_9,health_col_9,at_home_col_9,course_col_10,other_col_10,home_col_10,reputation_col_10,mother_col_11,father_col_11,other_col_11,yes_col_15,no_col_15,no_col_16,yes_col_16,no_col_17,yes_col_17,no_col_18,yes_col_18,yes_col_19,no_col_19,yes_col_20,no_col_20,no_col_21,yes_col_21,no_col_22,yes_col_22
row_1,18.0,4.0,4.0,2.0,2.0,0.0,4.0,3.0,4.0,1.0,1.0,3.0,6.0,5.0,6.0,6.0,1,0,1,0,1,0,1,0,1,0,1,0,0,0,0,1,0,0,0,0,1,0,0,0,1,0,0,1,0,1,0,1,0,1,0,1,0,1,0,1,0,1,0
row_2,17.0,1.0,1.0,1.0,2.0,0.0,5.0,3.0,3.0,1.0,1.0,3.0,4.0,5.0,5.0,6.0,1,0,1,0,1,0,1,0,0,1,1,0,0,0,0,0,1,0,0,0,1,0,0,0,0,1,0,0,1,0,1,1,0,1,0,0,1,1,0,0,1,1,0
row_3,15.0,1.0,1.0,1.0,2.0,3.0,4.0,3.0,2.0,2.0,3.0,3.0,10.0,7.0,8.0,10.0,1,0,1,0,1,0,0,1,0,1,1,0,0,0,0,0,1,0,0,0,0,1,0,0,1,0,0,1,0,1,0,0,1,1,0,1,0,1,0,0,1,1,0
row_4,15.0,4.0,2.0,1.0,3.0,0.0,3.0,2.0,2.0,1.0,1.0,5.0,2.0,15.0,14.0,15.0,1,0,1,0,1,0,1,0,0,1,0,1,0,0,0,0,0,1,0,0,0,0,1,0,1,0,0,0,1,0,1,0,1,0,1,1,0,1,0,0,1,0,1
row_5,16.0,3.0,3.0,1.0,2.0,0.0,4.0,3.0,2.0,1.0,2.0,5.0,4.0,6.0,10.0,10.0,1,0,1,0,1,0,1,0,0,1,0,0,1,0,0,0,1,0,0,0,0,0,1,0,0,1,0,0,1,0,1,0,1,1,0,1,0,1,0,1,0,1,0
row_6,16.0,4.0,3.0,1.0,2.0,0.0,5.0,4.0,2.0,1.0,2.0,5.0,10.0,15.0,15.0,15.0,1,0,0,1,1,0,0,1,0,1,0,0,0,1,0,0,1,0,0,0,0,0,0,1,1,0,0,0,1,0,1,0,1,0,1,1,0,1,0,0,1,1,0
row_7,16.0,2.0,2.0,1.0,2.0,0.0,4.0,4.0,4.0,1.0,1.0,3.0,0.0,12.0,12.0,11.0,1,0,0,1,1,0,0,1,0,1,0,0,1,0,0,0,1,0,0,0,0,0,1,0,1,0,0,0,1,1,0,1,0,1,0,1,0,1,0,0,1,1,0
row_8,17.0,4.0,4.0,2.0,2.0,0.0,4.0,1.0,4.0,1.0,1.0,1.0,6.0,6.0,5.0,6.0,1,0,1,0,1,0,1,0,1,0,0,0,1,0,0,1,0,0,0,0,0,0,1,0,1,0,0,1,0,0,1,1,0,1,0,1,0,1,0,1,0,1,0
row_9,15.0,3.0,2.0,1.0,2.0,0.0,4.0,2.0,2.0,1.0,1.0,1.0,0.0,16.0,18.0,19.0,1,0,0,1,1,0,0,1,1,0,0,0,0,1,0,0,1,0,0,0,0,0,1,0,1,0,0,0,1,0,1,0,1,1,0,1,0,1,0,0,1,1,0
row_10,15.0,3.0,4.0,1.0,2.0,0.0,5.0,5.0,1.0,1.0,1.0,5.0,0.0,14.0,15.0,15.0,1,0,0,1,1,0,1,0,0,1,0,0,1,0,0,0,1,0,0,0,0,0,1,0,1,0,0,0,1,0,1,0,1,0,1,1,0,1,0,0,1,1,0
row_11,15.0,4.0,4.0,1.0,2.0,0.0,3.0,3.0,3.0,1.0,2.0,2.0,0.0,10.0,8.0,9.0,1,0,1,0,1,0,1,0,0,1,0,0,0,0,1,0,0,0,1,0,0,0,0,1,1,0,0,0,1,0,1,0,1,1,0,1,0,1,0,0,1,1,0
row_12,15.0,2.0,1.0,3.0,3.0,0.0,5.0,2.0,2.0,1.0,1.0,4.0,4.0,10.0,12.0,12.0,1,0,1,0,1,0,1,0,0,1,0,0,0,1,0,0,1,0,0,0,0,0,0,1,0,1,0,0,1,0,1,1,0,0,1,1,0,1,0,0,1,1,0
row_13,15.0,4.0,4.0,1.0,1.0,0.0,4.0,3.0,3.0,1.0,3.0,5.0,2.0,14.0,14.0,14.0,1,0,0,1,1,0,0,1,0,1,0,1,0,0,0,0,0,1,0,0,1,0,0,0,0,1,0,0,1,0,1,0,1,0,1,1,0,1,0,0,1,1,0
row_14,15.0,4.0,3.0,2.0,2.0,0.0,5.0,4.0,3.0,1.0,2.0,3.0,2.0,10.0,10.0,11.0,1,0,0,1,1,0,1,0,0,1,0,0,0,0,1,0,1,0,0,0,1,0,0,0,1,0,0,0,1,0,1,0,1,1,0,1,0,1,0,0,1,1,0
row_15,15.0,2.0,2.0,1.0,3.0,0.0,4.0,5.0,2.0,1.0,1.0,3.0,0.0,14.0,16.0,16.0,1,0,0,1,1,0,1,0,1,0,0,0,1,0,0,0,1,0,0,0,0,0,1,0,0,0,1,0,1,0,1,1,0,1,0,1,0,1,0,0,1,0,1
row_16,16.0,4.0,4.0,1.0,1.0,0.0,4.0,4.0,4.0,1.0,2.0,2.0,4.0,14.0,14.0,14.0,1,0,1,0,1,0,1,0,0,1,0,1,0,0,0,0,1,0,0,0,0,0,1,0,1,0,0,0,1,0,1,1,0,1,0,1,0,1,0,0,1,1,0
row_17,16.0,4.0,4.0,1.0,3.0,0.0,3.0,2.0,3.0,1.0,2.0,2.0,6.0,13.0,14.0,14.0,1,0,1,0,1,0,1,0,0,1,0,0,0,1,0,0,0,1,0,0,0,0,0,1,1,0,0,0,1,0,1,0,1,0,1,1,0,1,0,0,1,1,0
row_18,16.0,3.0,3.0,3.0,2.0,0.0,5.0,3.0,2.0,1.0,1.0,4.0,4.0,8.0,10.0,10.0,1,0,1,0,1,0,1,0,0,1,0,0,1,0,0,0,1,0,0,0,0,0,0,1,1,0,0,1,0,0,1,1,0,0,1,1,0,1,0,1,0,1,0
row_19,17.0,3.0,2.0,1.0,1.0,3.0,5.0,5.0,5.0,2.0,4.0,5.0,16.0,6.0,5.0,5.0,1,0,0,1,1,0,1,0,0,1,0,0,0,1,0,0,0,1,0,0,1,0,0,0,1,0,0,0,1,0,1,1,0,0,1,1,0,1,0,0,1,1,0
row_20,16.0,4.0,3.0,1.0,1.0,0.0,3.0,1.0,3.0,1.0,3.0,5.0,4.0,8.0,10.0,10.0,1,0,0,1,1,0,0,1,0,1,0,1,0,0,0,0,1,0,0,0,0,0,1,0,0,1,0,0,1,1,0,0,1,0,1,1,0,1,0,0,1,1,0
row_21,15.0,4.0,3.0,1.0,2.0,0.0,4.0,4.0,1.0,1.0,1.0,1.0,0.0,13.0,14.0,15.0,1,0,0,1,1,0,1,0,0,1,0,0,0,0,1,0,1,0,0,0,0,0,0,1,1,0,0,0,1,1,0,1,0,1,0,1,0,1,0,0,1,1,0
row_22,15.0,4.0,4.0,1.0,1.0,0.0,5.0,4.0,2.0,1.0,1.0,5.0,0.0,12.0,15.0,15.0,1,0,0,1,1,0,1,0,0,1,0,1,0,0,0,0,0,0,1,0,0,1,0,0,0,1,0,0,1,0,1,0,1,1,0,1,0,1,0,0,1,1,0
row_23,16.0,4.0,2.0,1.0,2.0,0.0,4.0,5.0,1.0,1.0,3.0,5.0,2.0,15.0,15.0,16.0,1,0,0,1,1,0,0,1,0,1,0,0,0,0,1,0,1,0,0,0,1,0,0,0,1,0,0,0,1,1,0,1,0,0,1,1,0,1,0,0,1,1,0
row_24,16.0,2.0,2.0,2.0,2.0,0.0,5.0,4.0,4.0,2.0,4.0,5.0,0.0,13.0,13.0,12.0,1,0,0,1,1,0,0,1,0,1,0,0,1,0,0,0,1,0,0,0,0,0,0,1,1,0,0,0,1,0,1,1,0,0,1,1,0,1,0,0,1,1,0
row_25,15.0,2.0,4.0,1.0,3.0,0.0,4.0,3.0,2.0,1.0,1.0,5.0,2.0,10.0,9.0,8.0,1,0,1,0,0,1,1,0,0,1,0,0,0,1,0,0,0,0,1,0,1,0,0,0,1,0,0,1,0,0,1,0,1,0,1,1,0,1,0,0,1,1,0
row_26,16.0,2.0,2.0,1.0,1.0,2.0,1.0,2.0,2.0,1.0,3.0,5.0,14.0,6.0,9.0,8.0,1,0,1,0,1,0,1,0,0,1,0,0,0,1,0,0,0,1,0,0,0,0,1,0,1,0,0,0,1,0,1,0,1,1,0,0,1,1,0,0,1,1,0
row_27,15.0,2.0,2.0,1.0,1.0,0.0,4.0,2.0,2.0,1.0,2.0,5.0,2.0,12.0,12.0,11.0,1,0,0,1,1,0,1,0,0,1,0,0,1,0,0,0,1,0,0,0,0,0,1,0,1,0,0,0,1,0,1,0,1,1,0,1,0,1,0,0,1,1,0
row_28,15.0,4.0,2.0,1.0,1.0,0.0,2.0,2.0,4.0,2.0,4.0,1.0,4.0,15.0,16.0,15.0,1,0,0,1,1,0,1,0,0,1,0,1,0,0,0,0,0,1,0,0,0,1,0,0,1,0,0,0,1,1,0,0,1,1,0,1,0,1,0,0,1,1,0
row_29,16.0,3.0,4.0,1.0,2.0,0.0,5.0,3.0,3.0,1.0,1.0,5.0,4.0,11.0,11.0,11.0,1,0,0,1,1,0,0,1,1,0,0,0,0,1,0,0,1,0,0,0,0,0,1,0,1,0,0,1,0,0,1,1,0,0,1,1,0,1,0,0,1,1,0
row_30,16.0,4.0,4.0,1.0,2.0,0.0,4.0,4.0,5.0,5.0,5.0,5.0,16.0,10.0,12.0,11.0,1,0,0,1,1,0,1,0,0,1,0,0,0,0,1,1,0,0,0,0,0,0,1,0,1,0,0,0,1,0,1,0,1,0,1,1,0,1,0,0,1,0,1
row_31,15.0,4.0,4.0,1.0,2.0,0.0,5.0,4.0,2.0,3.0,4.0,5.0,0.0,9.0,11.0,12.0,1,0,0,1,1,0,1,0,0,1,0,1,0,0,0,0,0,1,0,0,0,0,1,0,1,0,0,0,1,0,1,0,1,1,0,0,1,1,0,0,1,1,0
row_32,15.0,4.0,4.0,2.0,2.0,0.0,4.0,3.0,1.0,1.0,1.0,5.0,0.0,17.0,16.0,17.0,1,0,0,1,1,0,1,0,0,1,0,0,0,1,0,0,0,1,0,0,0,0,0,1,1,0,0,0,1,0,1,1,0,0,1,1,0,1,0,0,1,1,0
row_33,15.0,4.0,3.0,1.0,2.0,0.0,4.0,5.0,2.0,1.0,1.0,5.0,0.0,17.0,16.0,16.0,1,0,0,1,0,1,1,0,0,1,0,0,0,0,1,0,0,0,0,1,1,0,0,0,1,0,0,0,1,0,1,1,0,0,1,1,0,1,0,0,1,0,1
row_34,15.0,3.0,3.0,1.0,2.0,0.0,5.0,3.0,2.0,1.0,1.0,2.0,0.0,8.0,10.0,12.0,1,0,0,1,1,0,0,1,0,1,0,0,1,0,0,0,1,0,0,0,1,0,0,0,1,0,0,0,1,1,0,1,0,0,1,0,1,1,0,0,1,1,0
row_35,16.0,3.0,2.0,1.0,1.0,0.0,5.0,4.0,3.0,1.0,1.0,5.0,0.0,12.0,14.0,15.0,1,0,0,1,1,0,1,0,0,1,0,0,1,0,0,0,1,0,0,0,0,0,1,0,1,0,0,0,1,0,1,0,1,1,0,0,1,1,0,0,1,1,0
row_36,15.0,2.0,3.0,2.0,1.0,0.0,3.0,5.0,1.0,1.0,1.0,5.0,0.0,8.0,7.0,6.0,1,0,1,0,1,0,1,0,0,1,0,0,1,0,0,0,1,0,0,0,0,1,0,0,0,1,0,0,1,0,1,1,0,0,1,1,0,1,0,1,0,1,0
row_37,15.0,4.0,3.0,1.0,3.0,0.0,5.0,4.0,3.0,1.0,1.0,4.0,2.0,15.0,16.0,18.0,1,0,0,1,1,0,0,1,0,1,0,0,0,0,1,0,0,1,0,0,0,0,1,0,1,0,0,0,1,0,1,1,0,0,1,1,0,1,0,0,1,1,0
row_38,16.0,4.0,4.0,2.0,3.0,0.0,2.0,4.0,3.0,1.0,1.0,5.0,7.0,15.0,16.0,15.0,1,0,0,1,0,1,1,0,1,0,0,0,1,0,0,1,0,0,0,0,0,0,0,1,1,0,0,0,1,0,1,1,0,0,1,1,0,1,0,0,1,0,1
row_39,15.0,3.0,4.0,1.0,3.0,0.0,4.0,3.0,2.0,1.0,1.0,5.0,2.0,12.0,12.0,11.0,1,0,1,0,0,1,1,0,0,1,0,0,0,1,0,0,0,0,1,0,1,0,0,0,1,0,0,1,0,0,1,0,1,0,1,1,0,1,0,0,1,1,0
row_40,15.0,2.0,2.0,1.0,1.0,0.0,4.0,3.0,1.0,1.0,1.0,2.0,8.0,14.0,13.0,13.0,1,0,1,0,0,1,1,0,0,1,1,0,0,0,0,0,1,0,0,0,0,0,0,1,1,0,0,1,0,0,1,0,1,0,1,1,0,1,0,1,0,1,0
row_41,16.0,2.0,2.0,2.0,2.0,1.0,3.0,3.0,3.0,1.0,2.0,3.0,25.0,7.0,10.0,11.0,1,0,1,0,1,0,0,1,0,1,0,0,1,0,0,0,1,0,0,0,0,0,1,0,1,0,0,0,1,0,1,1,0,0,1,0,1,1,0,0,1,0,1
row_42,15.0,4.0,4.0,1.0,1.0,0.0,5.0,4.0,3.0,2.0,4.0,5.0,8.0,12.0,12.0,12.0,1,0,0,1,1,0,0,1,0,1,0,0,0,0,1,0,1,0,0,0,0,0,1,0,0,0,1,0,1,0,1,1,0,1,0,0,1,1,0,0,1,0,1
row_43,15.0,4.0,4.0,1.0,2.0,0.0,4.0,3.0,3.0,1.0,1.0,5.0,2.0,19.0,18.0,18.0,1,0,0,1,1,0,1,0,0,1,0,0,0,1,0,1,0,0,0,0,1,0,0,0,0,1,0,0,1,0,1,1,0,0,1,1,0,1,0,0,1,1,0
row_44,15.0,2.0,2.0,1.0,1.0,0.0,5.0,4.0,1.0,1.0,1.0,1.0,0.0,8.0,8.0,11.0,1,0,0,1,1,0,1,0,0,1,0,0,0,1,0,0,0,1,0,0,1,0,0,0,0,1,0,1,0,0,1,1,0,1,0,1,0,1,0,0,1,1,0
row_45,16.0,2.0,2.0,2.0,2.0,1.0,4.0,3.0,3.0,2.0,2.0,5.0,14.0,10.0,10.0,9.0,1,0,1,0,1,0,0,1,0,1,0,0,1,0,0,0,0,0,0,1,1,0,0,0,0,1,0,1,0,1,0,1,0,0,1,1,0,1,0,0,1,1,0
row_46,15.0,4.0,3.0,1.0,2.0,0.0,5.0,2.0,2.0,1.0,1.0,5.0,8.0,8.0,8.0,6.0,1,0,1,0,1,0,0,1,1,0,0,0,1,0,0,0,1,0,0,0,1,0,0,0,1,0,0,1,0,0,1,0,1,0,1,1,0,1,0,0,1,0,1
row_47,16.0,3.0,3.0,1.0,2.0,0.0,2.0,3.0,5.0,1.0,4.0,3.0,12.0,11.0,12.0,11.0,1,0,1,0,1,0,0,1,1,0,0,0,1,0,0,0,0,1,0,0,0,0,1,0,1,0,0,0,1,0,1,1,0,1,0,1,0,1,0,0,1,1,0
row_48,16.0,4.0,3.0,1.0,4.0,0.0,4.0,2.0,2.0,1.0,1.0,2.0,4.0,19.0,19.0,20.0,1,0,0,1,1,0,1,0,0,1,0,1,0,0,0,0,0,1,0,0,0,0,0,1,1,0,0,0,1,1,0,1,0,0,1,1,0,1,0,0,1,1,0
row_49,15.0,4.0,2.0,1.0,2.0,0.0,4.0,3.0,3.0,2.0,2.0,5.0,2.0,15.0,15.0,14.0,1,0,0,1,1,0,1,0,0,1,0,0,0,0,1,0,1,0,0,0,0,0,1,0,1,0,0,0,1,0,1,0,1,1,0,1,0,1,0,1,0,1,0
row_50,15.0,4.0,4.0,1.0,2.0,1.0,4.0,4.0,4.0,1.0,1.0,3.0,2.0,7.0,7.0,7.0,1,0,1,0,1,0,1,0,0,1,0,0,0,1,0,1,0,0,0,0,0,1,0,0,0,1,0,1,0,0,1,1,0,0,1,0,1,1,0,0,1,1,0
row_51,16.0,2.0,2.0,3.0,2.0,0.0,4.0,3.0,3.0,2.0,3.0,4.0,2.0,12.0,13.0,13.0,1,0,1,0,1,0,0,1,0,1,0,0,0,1,0,0,0,1,0,0,1,0,0,0,1,0,0,0,1,0,1,0,1,1,0,1,0,1,0,0,1,1,0
row_52,15.0,4.0,2.0,1.0,2.0,0.0,4.0,3.0,3.0,1.0,1.0,5.0,2.0,11.0,13.0,13.0,1,0,1,0,1,0,0,1,0,1,0,1,0,0,0,0,1,0,0,0,0,1,0,0,1,0,0,0,1,0,1,0,1,1,0,1,0,1,0,0,1,1,0
row_53,15.0,4.0,2.0,2.0,1.0,1.0,5.0,5.0,5.0,3.0,4.0,5.0,6.0,11.0,11.0,10.0,1,0,0,1,1,0,0,1,1,0,0,1,0,0,0,0,0,0,1,0,0,1,0,0,0,1,0,0,1,1,0,1,0,1,0,1,0,1,0,1,0,1,0
row_54,15.0,4.0,4.0,1.0,1.0,0.0,3.0,3.0,4.0,2.0,3.0,5.0,0.0,8.0,10.0,11.0,1,0,1,0,1,0,1,0,0,1,0,0,0,1,0,0,0,1,0,0,1,0,0,0,1,0,0,1,0,0,1,0,1,1,0,1,0,1,0,0,1,1,0
row_55,15.0,3.0,3.0,1.0,1.0,0.0,5.0,3.0,4.0,4.0,4.0,1.0,6.0,10.0,13.0,13.0,1,0,1,0,1,0,0,1,1,0,0,0,1,0,0,0,1,0,0,0,0,1,0,0,1,0,0,0,1,1,0,0,1,1,0,1,0,1,0,0,1,1,0
row_56,16.0,2.0,1.0,1.0,2.0,0.0,5.0,3.0,4.0,1.0,1.0,2.0,8.0,8.0,9.0,10.0,1,0,1,0,1,0,1,0,1,0,0,0,1,0,0,0,1,0,0,0,0,1,0,0,1,0,0,0,1,1,0,0,1,0,1,1,0,1,0,0,1,0,1
row_57,15.0,4.0,3.0,1.0,2.0,0.0,4.0,3.0,2.0,1.0,1.0,1.0,0.0,14.0,15.0,15.0,1,0,1,0,1,0,1,0,1,0,0,0,0,1,0,0,0,1,0,0,0,0,0,1,1,0,0,0,1,0,1,0,1,0,1,1,0,1,0,0,1,1,0
row_58,15.0,4.0,4.0,1.0,2.0,0.0,3.0,2.0,2.0,1.0,1.0,5.0,4.0,14.0,15.0,15.0,1,0,0,1,1,0,1,0,0,1,0,0,0,0,1,0,0,0,1,0,0,0,0,1,1,0,0,0,1,0,1,1,0,0,1,1,0,1,0,1,0,1,0
row_59,15.0,1.0,2.0,1.0,2.0,0.0,4.0,3.0,2.0,1.0,1.0,5.0,2.0,9.0,10.0,9.0,1,0,0,1,1,0,0,1,0,1,0,0,1,0,0,0,0,0,0,1,0,0,1,0,0,1,0,1,0,0,1,1,0,0,1,1,0,1,0,0,1,1,0
row_60,16.0,4.0,2.0,1.0,2.0,0.0,4.0,2.0,3.0,1.0,1.0,5.0,2.0,15.0,16.0,16.0,1,0,1,0,1,0,1,0,0,1,0,0,0,1,0,0,1,0,0,0,1,0,0,0,1,0,0,0,1,0,1,1,0,1,0,1,0,1,0,0,1,1,0
row_61,16.0,4.0,4.0,1.0,2.0,0.0,2.0,4.0,4.0,2.0,3.0,4.0,6.0,10.0,11.0,11.0,1,0,1,0,0,1,1,0,0,1,0,1,0,0,0,1,0,0,0,0,0,1,0,0,1,0,0,0,1,0,1,1,0,0,1,1,0,1,0,1,0,1,0
row_62,16.0,1.0,1.0,4.0,1.0,0.0,5.0,5.0,5.0,5.0,5.0,5.0,6.0,10.0,8.0,11.0,1,0,1,0,1,0,1,0,0,1,0,0,0,1,0,0,0,1,0,0,1,0,0,0,0,1,0,1,0,0,1,1,0,0,1,0,1,1,0,0,1,0,1
row_63,16.0,1.0,2.0,1.0,2.0,0.0,4.0,4.0,3.0,1.0,1.0,1.0,4.0,8.0,10.0,9.0,1,0,1,0,1,0,0,1,0,1,0,0,1,0,0,0,0,1,0,0,0,0,0,1,0,1,0,1,0,1,0,1,0,0,1,1,0,1,0,0,1,1,0
row_64,16.0,4.0,3.0,1.0,3.0,0.0,3.0,4.0,4.0,2.0,4.0,4.0,2.0,10.0,9.0,9.0,1,0,1,0,1,0,1,0,0,1,0,0,0,0,1,0,0,0,1,0,0,0,1,0,1,0,0,1,0,0,1,0,1,0,1,1,0,1,0,0,1,1,0
row_65,15.0,4.0,3.0,1.0,2.0,0.0,4.0,4.0,4.0,2.0,4.0,2.0,0.0,10.0,10.0,10.0,1,0,1,0,1,0,0,1,0,1,0,0,0,1,0,0,0,1,0,0,0,0,0,1,0,1,0,1,0,1,0,1,0,0,1,1,0,1,0,0,1,0,1
row_66,16.0,4.0,3.0,3.0,2.0,0.0,5.0,4.0,3.0,1.0,2.0,1.0,2.0,16.0,15.0,15.0,1,0,1,0,1,0,0,1,0,1,0,0,0,0,1,0,0,1,0,0,1,0,0,0,1,0,0,0,1,0,1,1,0,0,1,1,0,1,0,0,1,1,0
row_67,15.0,4.0,4.0,1.0,4.0,0.0,1.0,3.0,3.0,5.0,5.0,3.0,4.0,13.0,13.0,12.0,1,0,0,1,1,0,1,0,1,0,0,0,1,0,0,0,0,1,0,0,0,0,0,1,1,0,0,0,1,0,1,1,0,0,1,0,1,1,0,0,1,0,1
row_68,16.0,3.0,1.0,1.0,4.0,0.0,4.0,3.0,3.0,1.0,2.0,5.0,4.0,7.0,7.0,6.0,1,0,1,0,1,0,1,0,0,1,0,0,0,1,0,0,1,0,0,0,1,0,0,0,1,0,0,1,0,0,1,0,1,1,0,1,0,1,0,0,1,1,0
row_69,15.0,2.0,2.0,2.0,2.0,0.0,4.0,1.0,3.0,1.0,3.0,4.0,2.0,8.0,9.0,8.0,1,0,1,0,0,1,0,1,0,1,0,1,0,0,0,0,0,1,0,0,0,0,0,1,1,0,0,1,0,0,1,0,1,1,0,1,0,1,0,0,1,1,0
row_70,15.0,3.0,1.0,2.0,4.0,0.0,4.0,4.0,2.0,2.0,3.0,3.0,12.0,16.0,16.0,16.0,1,0,1,0,0,1,0,1,0,1,0,0,1,0,0,0,1,0,0,0,0,0,0,1,0,1,0,0,1,0,1,1,0,1,0,0,1,1,0,0,1,1,0
row_71,16.0,3.0,1.0,2.0,4.0,0.0,4.0,3.0,2.0,1.0,1.0,5.0,0.0,13.0,15.0,15.0,1,0,0,1,1,0,1,0,0,1,0,0,1,0,0,0,1,0,0,0,0,0,0,1,0,1,0,0,1,0,1,0,1,1,0,1,0,1,0,0,1,1,0
row_72,15.0,4.0,2.0,1.0,4.0,0.0,3.0,3.0,3.0,1.0,1.0,3.0,0.0,10.0,10.0,10.0,1,0,0,1,1,0,1,0,0,1,0,0,1,0,0,0,1,0,0,0,1,0,0,0,1,0,0,0,1,1,0,1,0,1,0,1,0,1,0,0,1,1,0
row_73,15.0,1.0,1.0,1.0,2.0,2.0,3.0,3.0,4.0,2.0,4.0,5.0,2.0,8.0,6.0,5.0,1,0,1,0,0,1,1,0,0,1,0,0,1,0,0,0,1,0,0,0,0,0,0,1,1,0,0,1,0,0,1,1,0,1,0,0,1,1,0,0,1,0,1
row_74,16.0,3.0,1.0,1.0,1.0,0.0,5.0,3.0,2.0,2.0,2.0,5.0,2.0,12.0,12.0,14.0,1,0,0,1,1,0,1,0,0,1,0,0,1,0,0,0,1,0,0,0,0,0,0,1,1,0,0,0,1,1,0,1,0,0,1,1,0,1,0,1,0,1,0
row_75,16.0,3.0,3.0,1.0,2.0,0.0,4.0,3.0,3.0,2.0,4.0,5.0,54.0,11.0,12.0,11.0,1,0,1,0,1,0,1,0,0,1,0,0,1,0,0,0,0,1,0,0,0,0,1,0,1,0,0,1,0,0,1,0,1,0,1,1,0,1,0,0,1,1,0
row_76,15.0,4.0,3.0,1.0,2.0,0.0,4.0,3.0,3.0,2.0,3.0,5.0,6.0,9.0,9.0,10.0,1,0,0,1,1,0,1,0,0,1,0,0,0,0,1,0,1,0,0,0,0,0,1,0,1,0,0,0,1,0,1,0,1,0,1,1,0,1,0,0,1,1,0
row_77,15.0,4.0,0.0,2.0,4.0,0.0,3.0,4.0,3.0,1.0,1.0,1.0,8.0,11.0,11.0,10.0,1,0,0,1,1,0,1,0,0,1,0,0,0,0,1,0,1,0,0,0,1,0,0,0,1,0,0,0,1,1,0,1,0,0,1,1,0,1,0,0,1,1,0
row_78,16.0,2.0,2.0,1.0,4.0,0.0,5.0,2.0,3.0,1.0,3.0,3.0,0.0,11.0,11.0,11.0,1,0,1,0,1,0,1,0,0,1,0,0,1,0,0,0,1,0,0,0,0,0,0,1,1,0,0,0,1,1,0,0,1,1,0,1,0,1,0,0,1,0,1
row_79,17.0,2.0,1.0,2.0,1.0,3.0,4.0,5.0,1.0,1.0,1.0,3.0,2.0,8.0,8.0,10.0,1,0,0,1,1,0,1,0,0,1,0,0,1,0,0,0,1,0,0,0,0,0,1,0,1,0,0,1,0,0,1,1,0,0,1,1,0,0,1,0,1,1,0
row_80,16.0,3.0,4.0,1.0,2.0,0.0,2.0,4.0,3.0,1.0,2.0,3.0,12.0,5.0,5.0,5.0,1,0,1,0,1,0,1,0,0,1,1,0,0,0,0,0,1,0,0,0,1,0,0,0,1,0,0,0,1,0,1,1,0,1,0,1,0,1,0,0,1,1,0
row_81,15.0,2.0,3.0,1.0,1.0,0.0,3.0,2.0,2.0,1.0,3.0,3.0,2.0,10.0,12.0,12.0,1,0,0,1,1,0,1,0,0,1,0,0,1,0,0,0,0,1,0,0,1,0,0,0,0,1,0,1,0,0,1,0,1,0,1,0,1,1,0,0,1,0,1
row_82,15.0,2.0,3.0,1.0,3.0,0.0,5.0,3.0,2.0,1.0,2.0,5.0,4.0,11.0,10.0,11.0,1,0,0,1,1,0,1,0,0,1,0,0,1,0,0,0,1,0,0,0,0,0,1,0,1,0,0,1,0,1,0,0,1,1,0,0,1,1,0,0,1,1,0
row_83,15.0,3.0,2.0,1.0,2.0,0.0,4.0,4.0,4.0,1.0,1.0,5.0,10.0,7.0,6.0,6.0,1,0,1,0,1,0,0,1,0,1,0,0,0,1,0,0,1,0,0,0,0,0,0,1,1,0,0,0,1,0,1,0,1,1,0,1,0,1,0,0,1,1,0
row_84,15.0,2.0,2.0,2.0,2.0,0.0,5.0,3.0,3.0,1.0,3.0,4.0,4.0,15.0,15.0,15.0,1,0,0,1,1,0,0,1,0,1,0,0,0,1,0,0,0,1,0,0,0,0,1,0,1,0,0,0,1,1,0,0,1,0,1,1,0,1,0,0,1,1,0
row_85,15.0,1.0,1.0,1.0,2.0,0.0,4.0,3.0,2.0,2.0,3.0,4.0,2.0,9.0,10.0,10.0,1,0,1,0,1,0,1,0,0,1,0,0,1,0,0,0,1,0,0,0,0,0,1,0,0,1,0,0,1,0,1,1,0,0,1,0,1,1,0,0,1,1,0
row_86,15.0,4.0,4.0,2.0,2.0,2.0,4.0,4.0,4.0,2.0,3.0,5.0,6.0,7.0,9.0,8.0,1,0,1,0,1,0,1,0,0,1,0,0,0,1,0,0,0,1,0,0,0,0,0,1,0,1,0,0,1,1,0,0,1,1,0,1,0,1,0,0,1,0,1
row_87,16.0,2.0,2.0,1.0,2.0,0.0,4.0,3.0,4.0,1.0,2.0,2.0,4.0,8.0,7.0,6.0,1,0,1,0,1,0,0,1,0,1,1,0,0,0,0,0,1,0,0,0,1,0,0,0,1,0,0,0,1,0,1,1,0,1,0,1,0,1,0,1,0,1,0
row_88,15.0,4.0,2.0,1.0,3.0,0.0,5.0,3.0,3.0,1.0,3.0,1.0,4.0,13.0,14.0,14.0,1,0,1,0,1,0,1,0,0,1,0,0,1,0,0,0,1,0,0,0,0,0,0,1,1,0,0,0,1,0,1,1,0,0,1,1,0,1,0,0,1,1,0
row_89,16.0,2.0,2.0,2.0,2.0,1.0,4.0,4.0,2.0,1.0,1.0,3.0,12.0,11.0,10.0,10.0,1,0,0,1,1,0,1,0,0,1,0,0,0,1,0,0,1,0,0,0,0,0,0,1,0,1,0,0,1,1,0,0,1,0,1,0,1,1,0,0,1,1,0
row_90,16.0,4.0,4.0,1.0,2.0,0.0,4.0,1.0,3.0,3.0,5.0,5.0,18.0,8.0,6.0,7.0,1,0,0,1,1,0,0,1,1,0,0,0,0,0,1,0,0,0,1,0,0,0,0,1,1,0,0,0,1,0,1,1,0,1,0,1,0,1,0,1,0,1,0
row_91,16.0,3.0,3.0,1.0,3.0,0.0,4.0,3.0,3.0,1.0,3.0,4.0,0.0,7.0,7.0,8.0,1,0,1,0,1,0,1,0,0,1,0,0,1,0,0,0,1,0,0,0,0,0,1,0,1,0,0,0,1,0,1,0,1,1,0,1,0,1,0,0,1,0,1
row_92,15.0,4.0,3.0,1.0,1.0,0.0,4.0,5.0,5.0,1.0,3.0,1.0,4.0,16.0,17.0,18.0,1,0,1,0,1,0,1,0,0,1,0,0,0,1,0,0,1,0,0,0,0,0,0,1,1,0,0,0,1,1,0,0,1,0,1,1,0,1,0,0,1,1,0
row_93,16.0,3.0,1.0,1.0,2.0,0.0,3.0,3.0,3.0,2.0,3.0,2.0,4.0,7.0,6.0,6.0,1,0,1,0,1,0,0,1,0,1,0,0,1,0,0,0,1,0,0,0,0,0,1,0,0,1,0,1,0,0,1,1,0,1,0,1,0,1,0,1,0,1,0
row_94,16.0,4.0,2.0,2.0,2.0,0.0,5.0,3.0,3.0,1.0,1.0,1.0,0.0,11.0,10.0,10.0,1,0,1,0,1,0,1,0,0,1,0,0,0,0,1,0,0,1,0,0,0,0,1,0,1,0,0,0,1,0,1,0,1,0,1,1,0,1,0,0,1,1,0
row_95,15.0,2.0,2.0,1.0,4.0,0.0,4.0,3.0,4.0,1.0,1.0,4.0,6.0,11.0,13.0,14.0,1,0,0,1,1,0,0,1,0,1,0,0,0,1,0,0,0,0,1,0,0,0,0,1,1,0,0,0,1,0,1,1,0,0,1,1,0,1,0,0,1,1,0
row_96,15.0,1.0,1.0,2.0,4.0,1.0,3.0,1.0,2.0,1.0,1.0,1.0,2.0,7.0,10.0,10.0,1,0,1,0,0,1,1,0,0,1,1,0,0,0,0,0,1,0,0,0,0,0,1,0,1,0,0,1,0,0,1,0,1,0,1,1,0,1,0,0,1,1,0
row_97,16.0,4.0,3.0,2.0,1.0,0.0,3.0,3.0,3.0,1.0,1.0,4.0,2.0,11.0,15.0,15.0,1,0,0,1,0,1,1,0,0,1,0,0,0,1,0,0,1,0,0,0,0,0,0,1,1,0,0,1,0,0,1,1,0,0,1,0,1,1,0,0,1,1,0
row_98,16.0,2.0,1.0,1.0,2.0,0.0,4.0,3.0,5.0,1.0,1.0,5.0,2.0,8.0,9.0,10.0,1,0,1,0,1,0,1,0,0,1,0,0,1,0,0,0,1,0,0,0,1,0,0,0,1,0,0,0,1,0,1,0,1,1,0,1,0,1,0,1,0,0,1
row_99,16.0,4.0,4.0,1.0,1.0,0.0,5.0,3.0,4.0,1.0,2.0,1.0,6.0,11.0,14.0,14.0,1,0,1,0,1,0,1,0,0,1,0,0,1,0,0,0,1,0,0,0,0,0,0,1,1,0,0,0,1,1,0,1,0,0,1,0,1,1,0,0,1,1,0
row_100,16.0,4.0,3.0,1.0,3.0,0.0,5.0,3.0,5.0,1.0,1.0,3.0,0.0,7.0,9.0,8.0,1,0,1,0,1,0,1,0,0,1,0,0,1,0,0,0,0,0,0,1,1,0,0,0,1,0,0,1,0,0,1,0,1,1,0,1,0,1,0,0,1,1,0
row_101,16.0,4.0,4.0,1.0,1.0,0.0,4.0,5.0,5.0,5.0,5.0,4.0,14.0,7.0,7.0,5.0,1,0,0,1,1,0,1,0,0,1,0,0,0,1,0,0,0,1,0,0,0,1,0,0,1,0,0,1,0,0,1,0,1,0,1,1,0,1,0,0,1,1,0
row_102,16.0,4.0,4.0,1.0,3.0,0.0,4.0,4.0,3.0,1.0,1.0,4.0,0.0,16.0,17.0,17.0,1,0,0,1,1,0,1,0,0,1,0,0,0,1,0,1,0,0,0,0,0,1,0,0,0,1,0,0,1,0,1,1,0,0,1,1,0,1,0,0,1,0,1
row_103,15.0,4.0,4.0,1.0,1.0,0.0,5.0,3.0,3.0,1.0,1.0,5.0,4.0,10.0,13.0,14.0,1,0,0,1,1,0,1,0,0,1,0,0,0,1,0,0,1,0,0,0,1,0,0,0,1,0,0,0,1,0,1,1,0,0,1,0,1,1,0,0,1,1,0
row_104,15.0,3.0,2.0,2.0,2.0,0.0,4.0,3.0,5.0,1.0,1.0,2.0,26.0,7.0,6.0,6.0,1,0,1,0,1,0,1,0,0,1,0,0,0,1,0,0,1,0,0,0,0,0,1,0,1,0,0,1,0,0,1,0,1,1,0,1,0,1,0,0,1,1,0
row_105,15.0,3.0,4.0,1.0,2.0,0.0,5.0,4.0,4.0,1.0,1.0,1.0,0.0,16.0,18.0,18.0,1,0,0,1,1,0,1,0,1,0,0,0,0,1,0,0,1,0,0,0,1,0,0,0,1,0,0,0,1,0,1,0,1,0,1,1,0,1,0,0,1,1,0
row_106,15.0,3.0,3.0,1.0,4.0,0.0,4.0,3.0,3.0,1.0,1.0,4.0,10.0,10.0,11.0,11.0,1,0,1,0,1,0,1,0,1,0,0,0,1,0,0,0,0,0,1,0,0,0,0,1,0,1,0,1,0,1,0,1,0,1,0,1,0,1,0,1,0,1,0
row_107,15.0,2.0,2.0,1.0,4.0,0.0,5.0,1.0,2.0,1.0,1.0,3.0,8.0,7.0,8.0,8.0,1,0,1,0,1,0,1,0,0,1,0,0,1,0,0,0,1,0,0,0,1,0,0,0,1,0,0,1,0,0,1,0,1,1,0,1,0,1,0,0,1,1,0
row_108,16.0,3.0,3.0,1.0,3.0,0.0,5.0,3.0,3.0,1.0,1.0,5.0,2.0,16.0,18.0,18.0,1,0,0,1,1,0,1,0,0,1,0,0,0,1,0,0,1,0,0,0,0,0,1,0,0,1,0,0,1,0,1,1,0,0,1,1,0,1,0,0,1,1,0
row_109,15.0,4.0,4.0,4.0,4.0,0.0,1.0,3.0,5.0,3.0,5.0,1.0,6.0,10.0,13.0,13.0,1,0,0,1,0,1,1,0,0,1,0,0,1,0,0,0,1,0,0,0,0,0,1,0,0,1,0,0,1,0,1,0,1,0,1,1,0,1,0,0,1,0,1
row_110,16.0,4.0,4.0,1.0,3.0,0.0,5.0,4.0,5.0,1.0,1.0,4.0,4.0,14.0,15.0,16.0,1,0,1,0,1,0,0,1,0,1,0,1,0,0,0,0,0,0,1,0,0,1,0,0,1,0,0,0,1,0,1,0,1,0,1,1,0,1,0,0,1,0,1
row_111,15.0,4.0,4.0,1.0,1.0,0.0,5.0,5.0,3.0,1.0,1.0,4.0,6.0,18.0,19.0,19.0,1,0,0,1,1,0,0,1,1,0,0,0,0,0,1,1,0,0,0,0,1,0,0,0,1,0,0,0,1,1,0,1,0,0,1,1,0,1,0,0,1,1,0
row_112,16.0,3.0,3.0,1.0,3.0,1.0,4.0,1.0,2.0,1.0,1.0,2.0,0.0,7.0,10.0,10.0,1,0,1,0,0,1,1,0,0,1,0,0,0,1,0,0,1,0,0,0,0,0,0,1,0,1,0,1,0,0,1,1,0,0,1,1,0,1,0,0,1,1,0
row_113,16.0,2.0,2.0,1.0,2.0,1.0,3.0,1.0,2.0,1.0,1.0,5.0,6.0,10.0,13.0,13.0,1,0,1,0,1,0,1,0,0,1,1,0,0,0,0,0,1,0,0,0,0,0,1,0,1,0,0,1,0,1,0,1,0,0,1,1,0,1,0,0,1,1,0
row_114,15.0,4.0,2.0,1.0,1.0,0.0,3.0,5.0,2.0,1.0,1.0,3.0,10.0,18.0,19.0,19.0,1,0,0,1,1,0,0,1,0,1,0,0,0,0,1,0,1,0,0,0,1,0,0,0,1,0,0,0,1,1,0,1,0,1,0,1,0,1,0,0,1,1,0
row_115,15.0,2.0,1.0,1.0,2.0,0.0,5.0,4.0,2.0,1.0,1.0,5.0,8.0,9.0,9.0,9.0,1,0,0,1,0,1,1,0,0,1,0,1,0,0,0,0,0,1,0,0,0,0,0,1,1,0,0,0,1,1,0,1,0,0,1,1,0,1,0,0,1,0,1
row_116,16.0,4.0,4.0,1.0,2.0,0.0,5.0,4.0,4.0,1.0,2.0,5.0,2.0,15.0,15.0,16.0,1,0,0,1,1,0,1,0,0,1,0,0,0,0,1,1,0,0,0,0,1,0,0,0,0,1,0,0,1,0,1,1,0,0,1,1,0,1,0,0,1,1,0
row_117,15.0,4.0,4.0,2.0,2.0,0.0,4.0,4.0,3.0,1.0,1.0,2.0,2.0,11.0,13.0,14.0,1,0,0,1,1,0,1,0,0,1,0,0,1,0,0,1,0,0,0,0,0,0,0,1,0,1,0,0,1,0,1,1,0,0,1,1,0,1,0,1,0,1,0
row_118,16.0,3.0,3.0,2.0,1.0,0.0,5.0,4.0,2.0,1.0,1.0,5.0,0.0,13.0,14.0,13.0,1,0,0,1,1,0,1,0,0,1,0,0,1,0,0,0,0,1,0,0,0,0,1,0,0,1,0,0,1,1,0,1,0,0,1,1,0,1,0,0,1,1,0
row_119,17.0,1.0,3.0,3.0,2.0,1.0,5.0,2.0,4.0,1.0,4.0,5.0,20.0,9.0,7.0,8.0,1,0,0,1,0,1,1,0,0,1,0,0,1,0,0,0,1,0,0,0,1,0,0,0,0,1,0,0,1,0,1,1,0,0,1,1,0,1,0,0,1,1,0
row_120,15.0,3.0,4.0,1.0,1.0,0.0,3.0,4.0,3.0,1.0,2.0,4.0,6.0,14.0,13.0,13.0,1,0,0,1,1,0,1,0,0,1,0,0,1,0,0,0,1,0,0,0,0,0,0,1,0,1,0,0,1,1,0,1,0,1,0,1,0,1,0,0,1,1,0
row_121,15.0,1.0,2.0,1.0,2.0,0.0,3.0,2.0,3.0,1.0,2.0,1.0,2.0,16.0,15.0,15.0,1,0,1,0,1,0,1,0,0,1,1,0,0,0,0,0,0,1,0,0,1,0,0,0,1,0,0,0,1,1,0,1,0,1,0,0,1,1,0,0,1,1,0
row_122,15.0,2.0,2.0,1.0,4.0,0.0,5.0,5.0,4.0,1.0,2.0,5.0,6.0,16.0,14.0,15.0,1,0,0,1,1,0,1,0,0,1,0,0,0,1,0,0,0,1,0,0,0,0,1,0,0,1,0,0,1,0,1,0,1,0,1,1,0,1,0,0,1,1,0
row_123,16.0,2.0,4.0,2.0,2.0,0.0,4.0,2.0,2.0,1.0,2.0,5.0,2.0,13.0,13.0,13.0,1,0,1,0,1,0,0,1,0,1,0,0,1,0,0,0,0,0,1,0,1,0,0,0,0,1,0,0,1,0,1,0,1,0,1,1,0,1,0,0,1,0,1
row_124,16.0,4.0,4.0,1.0,1.0,0.0,3.0,4.0,4.0,1.0,4.0,5.0,18.0,14.0,11.0,13.0,1,0,0,1,1,0,1,0,0,1,0,1,0,0,0,0,1,0,0,0,1,0,0,0,1,0,0,0,1,0,1,1,0,0,1,1,0,1,0,0,1,1,0
row_125,16.0,2.0,2.0,1.0,2.0,0.0,5.0,4.0,4.0,1.0,1.0,5.0,0.0,8.0,7.0,8.0,1,0,1,0,1,0,1,0,0,1,0,0,1,0,0,0,1,0,0,0,0,0,1,0,1,0,0,0,1,1,0,0,1,1,0,1,0,1,0,0,1,0,1
row_126,15.0,3.0,4.0,1.0,1.0,0.0,5.0,5.0,5.0,3.0,2.0,5.0,0.0,13.0,13.0,12.0,1,0,0,1,1,0,1,0,0,1,0,0,0,1,0,0,0,1,0,0,0,0,1,0,0,1,0,1,0,1,0,1,0,1,0,1,0,1,0,0,1,1,0
row_127,15.0,3.0,4.0,1.0,2.0,0.0,5.0,3.0,2.0,1.0,1.0,1.0,0.0,7.0,10.0,11.0,1,0,1,0,1,0,0,1,1,0,0,0,1,0,0,0,1,0,0,0,0,0,1,0,1,0,0,1,0,1,0,1,0,0,1,1,0,1,0,0,1,0,1
row_128,19.0,0.0,1.0,1.0,2.0,3.0,3.0,4.0,2.0,1.0,1.0,5.0,2.0,7.0,8.0,9.0,1,0,1,0,1,0,1,0,0,1,1,0,0,0,0,0,1,0,0,0,1,0,0,0,0,0,1,0,1,0,1,1,0,1,0,0,1,0,1,1,0,1,0
row_129,18.0,2.0,2.0,1.0,1.0,2.0,3.0,3.0,3.0,1.0,2.0,4.0,0.0,7.0,4.0,0.0,1,0,0,1,0,1,1,0,0,1,0,0,0,1,0,0,1,0,0,0,0,0,0,1,1,0,0,0,1,0,1,1,0,0,1,1,0,1,0,0,1,1,0
row_130,16.0,4.0,4.0,1.0,1.0,0.0,3.0,5.0,5.0,2.0,5.0,4.0,8.0,18.0,18.0,18.0,1,0,0,1,0,1,1,0,0,1,0,0,0,0,1,1,0,0,0,0,1,0,0,0,1,0,0,0,1,1,0,0,1,0,1,1,0,1,0,0,1,1,0
row_131,15.0,3.0,4.0,2.0,3.0,2.0,4.0,2.0,2.0,2.0,2.0,5.0,0.0,12.0,0.0,0.0,1,0,1,0,0,1,1,0,0,1,0,0,0,1,0,1,0,0,0,0,1,0,0,0,0,1,0,0,1,0,1,1,0,1,0,1,0,1,0,0,1,0,1
row_132,15.0,1.0,1.0,3.0,1.0,0.0,4.0,3.0,3.0,1.0,2.0,4.0,0.0,8.0,0.0,0.0,1,0,1,0,1,0,1,0,0,1,1,0,0,0,0,0,1,0,0,0,1,0,0,0,1,0,0,0,1,0,1,1,0,0,1,0,1,1,0,0,1,0,1
row_133,17.0,2.0,2.0,1.0,1.0,0.0,3.0,4.0,4.0,1.0,3.0,5.0,12.0,10.0,13.0,12.0,1,0,1,0,1,0,0,1,0,1,0,0,1,0,0,0,1,0,0,0,1,0,0,0,0,1,0,0,1,0,1,1,0,1,0,1,0,1,0,0,1,0,1
row_134,16.0,3.0,4.0,1.0,1.0,0.0,3.0,2.0,1.0,1.0,4.0,5.0,16.0,12.0,11.0,11.0,1,0,1,0,1,0,1,0,1,0,0,0,0,1,0,0,1,0,0,0,1,0,0,0,0,1,0,0,1,1,0,1,0,1,0,1,0,1,0,0,1,1,0
row_135,15.0,3.0,4.0,4.0,2.0,0.0,5.0,3.0,3.0,1.0,1.0,5.0,0.0,9.0,0.0,0.0,1,0,0,1,0,1,1,0,0,1,1,0,0,0,0,1,0,0,0,0,1,0,0,0,1,0,0,0,1,0,1,1,0,1,0,1,0,1,0,1,0,0,1
row_136,15.0,4.0,4.0,1.0,3.0,0.0,4.0,3.0,3.0,1.0,1.0,5.0,0.0,11.0,0.0,0.0,1,0,1,0,1,0,1,0,0,1,0,0,0,1,0,0,0,0,0,1,1,0,0,0,1,0,0,0,1,0,1,1,0,0,1,1,0,1,0,0,1,0,1
row_137,17.0,3.0,4.0,3.0,2.0,0.0,5.0,4.0,5.0,2.0,4.0,5.0,0.0,10.0,0.0,0.0,1,0,0,1,0,1,1,0,0,1,1,0,0,0,0,0,1,0,0,0,1,0,0,0,1,0,0,0,1,1,0,1,0,1,0,1,0,1,0,1,0,1,0
row_138,16.0,3.0,3.0,2.0,1.0,2.0,4.0,3.0,2.0,1.0,1.0,5.0,0.0,4.0,0.0,0.0,1,0,1,0,1,0,1,0,1,0,0,0,1,0,0,0,1,0,0,0,1,0,0,0,0,0,1,0,1,0,1,1,0,0,1,0,1,1,0,0,1,0,1
row_139,16.0,1.0,1.0,1.0,2.0,1.0,4.0,4.0,4.0,1.0,3.0,5.0,0.0,14.0,12.0,12.0,1,0,0,1,1,0,0,1,0,1,0,0,0,1,0,0,1,0,0,0,1,0,0,0,1,0,0,0,1,1,0,1,0,1,0,1,0,1,0,1,0,0,1
row_140,15.0,4.0,4.0,2.0,1.0,0.0,4.0,3.0,2.0,1.0,1.0,5.0,0.0,16.0,16.0,15.0,1,0,1,0,1,0,1,0,0,1,0,0,0,0,1,1,0,0,0,0,1,0,0,0,1,0,0,0,1,1,0,1,0,0,1,1,0,1,0,0,1,1,0
row_141,15.0,4.0,3.0,2.0,4.0,0.0,2.0,2.0,2.0,1.0,1.0,3.0,0.0,7.0,9.0,0.0,1,0,0,1,1,0,1,0,0,1,0,0,0,0,1,0,0,1,0,0,1,0,0,0,0,1,0,1,0,0,1,1,0,1,0,1,0,1,0,0,1,1,0
row_142,16.0,2.0,2.0,2.0,1.0,2.0,2.0,3.0,3.0,2.0,2.0,2.0,8.0,9.0,9.0,9.0,1,0,0,1,1,0,0,1,0,1,0,0,0,1,0,0,0,1,0,0,0,0,0,1,0,1,0,0,1,0,1,1,0,0,1,1,0,1,0,0,1,1,0
row_143,15.0,4.0,4.0,1.0,3.0,0.0,4.0,2.0,2.0,1.0,1.0,5.0,2.0,9.0,11.0,11.0,1,0,1,0,1,0,1,0,0,1,0,0,0,0,1,0,0,1,0,0,1,0,0,0,1,0,0,0,1,0,1,0,1,0,1,1,0,1,0,0,1,1,0
row_144,16.0,1.0,1.0,1.0,1.0,0.0,3.0,4.0,4.0,3.0,3.0,1.0,2.0,14.0,14.0,13.0,1,0,1,0,1,0,0,1,0,1,1,0,0,0,0,0,0,0,0,1,1,0,0,0,1,0,0,0,1,1,0,1,0,1,0,1,0,1,0,0,1,1,0
row_145,17.0,2.0,1.0,1.0,1.0,3.0,5.0,4.0,5.0,1.0,2.0,5.0,0.0,5.0,0.0,0.0,1,0,0,1,1,0,1,0,0,1,0,0,1,0,0,0,1,0,0,0,0,0,1,0,1,0,0,0,1,0,1,1,0,1,0,1,0,1,0,0,1,1,0
row_146,15.0,1.0,1.0,1.0,2.0,0.0,4.0,4.0,2.0,1.0,2.0,5.0,0.0,8.0,11.0,11.0,1,0,1,0,1,0,1,0,0,1,0,0,1,0,0,0,0,1,0,0,1,0,0,0,0,1,0,0,1,0,1,0,1,1,0,1,0,1,0,0,1,1,0
row_147,15.0,3.0,2.0,1.0,2.0,3.0,3.0,3.0,2.0,1.0,1.0,3.0,0.0,6.0,7.0,0.0,1,0,1,0,1,0,1,0,0,1,0,1,0,0,0,0,0,1,0,0,0,0,1,0,0,1,0,0,1,0,1,1,0,1,0,1,0,1,0,0,1,1,0
row_148,15.0,1.0,2.0,1.0,2.0,0.0,4.0,3.0,2.0,1.0,1.0,5.0,2.0,10.0,11.0,11.0,1,0,1,0,1,0,1,0,0,1,1,0,0,0,0,0,1,0,0,0,1,0,0,0,1,0,0,0,1,0,1,0,1,1,0,0,1,1,0,0,1,1,0
row_149,16.0,4.0,4.0,1.0,1.0,0.0,3.0,3.0,2.0,2.0,1.0,5.0,0.0,7.0,6.0,0.0,1,0,0,1,1,0,1,0,0,1,0,0,0,0,1,1,0,0,0,0,1,0,0,0,1,0,0,0,1,0,1,1,0,1,0,1,0,0,1,0,1,0,1
row_150,15.0,2.0,1.0,4.0,1.0,3.0,4.0,5.0,5.0,2.0,5.0,5.0,0.0,8.0,9.0,10.0,1,0,0,1,1,0,0,1,1,0,0,0,0,1,0,0,1,0,0,0,1,0,0,0,1,0,0,0,1,1,0,1,0,1,0,1,0,1,0,0,1,1,0
row_151,18.0,1.0,1.0,1.0,1.0,3.0,2.0,3.0,5.0,2.0,5.0,4.0,0.0,6.0,5.0,0.0,1,0,0,1,1,0,0,1,0,1,0,0,1,0,0,0,1,0,0,0,1,0,0,0,1,0,0,0,1,1,0,1,0,1,0,1,0,0,1,0,1,0,1
row_152,16.0,2.0,1.0,1.0,1.0,1.0,4.0,4.0,4.0,3.0,5.0,5.0,6.0,12.0,13.0,14.0,1,0,0,1,1,0,0,1,0,1,1,0,0,0,0,0,1,0,0,0,1,0,0,0,1,0,0,0,1,1,0,1,0,0,1,1,0,1,0,1,0,0,1
row_153,15.0,3.0,3.0,2.0,3.0,2.0,4.0,2.0,1.0,2.0,3.0,3.0,8.0,10.0,10.0,10.0,1,0,1,0,0,1,1,0,0,1,0,0,0,1,0,0,0,1,0,0,0,0,0,1,0,0,1,0,1,0,1,0,1,0,1,1,0,1,0,0,1,0,1
row_154,19.0,3.0,2.0,1.0,1.0,3.0,4.0,5.0,4.0,1.0,1.0,4.0,0.0,5.0,0.0,0.0,1,0,0,1,1,0,1,0,0,1,0,0,0,1,0,0,0,0,0,1,0,0,1,0,1,0,0,0,1,0,1,1,0,1,0,1,0,0,1,0,1,0,1
row_155,17.0,4.0,4.0,1.0,1.0,0.0,4.0,2.0,1.0,1.0,1.0,4.0,0.0,11.0,11.0,12.0,1,0,1,0,1,0,1,0,0,1,0,0,1,0,0,1,0,0,0,0,1,0,0,0,1,0,0,1,0,0,1,1,0,1,0,1,0,1,0,1,0,0,1
row_156,15.0,2.0,3.0,1.0,2.0,0.0,4.0,4.0,4.0,1.0,1.0,1.0,2.0,11.0,8.0,8.0,1,0,0,1,0,1,1,0,0,1,1,0,0,0,0,0,0,1,0,0,1,0,0,0,1,0,0,1,0,1,0,0,1,0,1,1,0,1,0,1,0,1,0
row_157,17.0,1.0,2.0,1.0,1.0,0.0,2.0,2.0,2.0,3.0,3.0,5.0,8.0,16.0,12.0,13.0,1,0,0,1,0,1,0,1,0,1,0,0,1,0,0,0,1,0,0,0,0,0,0,1,1,0,0,0,1,1,0,1,0,1,0,1,0,1,0,1,0,1,0
row_158,18.0,1.0,1.0,3.0,1.0,3.0,5.0,2.0,5.0,1.0,5.0,4.0,6.0,9.0,8.0,10.0,1,0,1,0,0,1,1,0,0,1,1,0,0,0,0,0,1,0,0,0,1,0,0,0,1,0,0,0,1,0,1,1,0,0,1,0,1,1,0,1,0,1,0
row_159,16.0,2.0,2.0,3.0,1.0,0.0,4.0,2.0,2.0,1.0,2.0,3.0,2.0,17.0,15.0,15.0,1,0,0,1,0,1,1,0,0,1,1,0,0,0,0,0,1,0,0,0,1,0,0,0,1,0,0,0,1,1,0,1,0,1,0,0,1,1,0,1,0,1,0
row_160,16.0,3.0,3.0,1.0,2.0,1.0,4.0,5.0,5.0,4.0,4.0,5.0,4.0,10.0,12.0,12.0,1,0,0,1,1,0,1,0,0,1,0,0,1,0,0,0,0,1,0,0,1,0,0,0,0,1,0,0,1,0,1,0,1,1,0,1,0,1,0,0,1,0,1
row_161,17.0,2.0,1.0,2.0,1.0,2.0,3.0,3.0,2.0,2.0,2.0,5.0,0.0,7.0,6.0,0.0,1,0,0,1,0,1,0,1,0,1,1,0,0,0,0,0,1,0,0,0,1,0,0,0,1,0,0,0,1,1,0,1,0,0,1,1,0,0,1,0,1,0,1
row_162,15.0,3.0,2.0,2.0,2.0,2.0,4.0,4.0,4.0,1.0,4.0,3.0,6.0,5.0,9.0,7.0,1,0,0,1,0,1,1,0,0,1,0,0,1,0,0,0,1,0,0,0,1,0,0,0,1,0,0,1,0,0,1,1,0,1,0,1,0,1,0,0,1,0,1
row_163,16.0,1.0,2.0,2.0,1.0,1.0,4.0,4.0,4.0,2.0,4.0,5.0,0.0,7.0,0.0,0.0,1,0,0,1,1,0,0,1,0,1,0,0,1,0,0,0,1,0,0,0,1,0,0,0,1,0,0,0,1,1,0,1,0,0,1,1,0,1,0,1,0,1,0
row_164,17.0,1.0,3.0,1.0,1.0,0.0,5.0,3.0,3.0,1.0,4.0,2.0,2.0,10.0,10.0,10.0,1,0,0,1,1,0,1,0,0,1,1,0,0,0,0,0,0,1,0,0,1,0,0,0,0,1,0,0,1,1,0,1,0,1,0,1,0,0,1,0,1,1,0
row_165,17.0,1.0,1.0,4.0,2.0,3.0,5.0,3.0,5.0,1.0,5.0,5.0,0.0,5.0,8.0,7.0,1,0,0,1,0,1,0,1,0,1,0,0,1,0,0,0,0,1,0,0,1,0,0,0,1,0,0,0,1,1,0,1,0,0,1,1,0,0,1,1,0,0,1
row_166,16.0,3.0,2.0,2.0,1.0,1.0,4.0,5.0,2.0,1.0,1.0,2.0,16.0,12.0,11.0,12.0,1,0,0,1,1,0,1,0,0,1,0,0,0,1,0,0,0,1,0,0,1,0,0,0,1,0,0,0,1,0,1,1,0,0,1,0,1,0,1,1,0,1,0
row_167,16.0,2.0,2.0,1.0,2.0,0.0,4.0,3.0,5.0,2.0,4.0,4.0,4.0,10.0,10.0,10.0,1,0,0,1,1,0,1,0,0,1,0,0,1,0,0,0,1,0,0,0,1,0,0,0,0,1,0,0,1,1,0,1,0,1,0,1,0,0,1,0,1,1,0
row_168,16.0,4.0,2.0,1.0,2.0,0.0,4.0,2.0,3.0,1.0,1.0,3.0,0.0,14.0,15.0,16.0,1,0,1,0,1,0,1,0,0,1,0,1,0,0,0,0,0,1,0,0,0,0,1,0,0,1,0,0,1,1,0,0,1,1,0,1,0,1,0,0,1,0,1
row_169,16.0,2.0,2.0,1.0,2.0,0.0,5.0,1.0,5.0,1.0,1.0,4.0,0.0,6.0,7.0,0.0,1,0,1,0,1,0,1,0,0,1,0,0,1,0,0,0,1,0,0,0,0,0,1,0,1,0,0,0,1,0,1,0,1,1,0,0,1,1,0,0,1,1,0
row_170,16.0,4.0,4.0,1.0,2.0,0.0,4.0,4.0,2.0,1.0,1.0,3.0,0.0,14.0,14.0,14.0,1,0,1,0,1,0,1,0,0,1,0,1,0,0,0,0,0,0,1,0,0,0,0,1,1,0,0,0,1,0,1,0,1,1,0,1,0,1,0,0,1,0,1
row_171,16.0,3.0,4.0,3.0,1.0,2.0,3.0,4.0,5.0,2.0,4.0,2.0,0.0,6.0,5.0,0.0,1,0,0,1,1,0,1,0,0,1,0,0,1,0,0,0,1,0,0,0,1,0,0,0,0,1,0,0,1,0,1,1,0,0,1,0,1,1,0,0,1,1,0
row_172,16.0,1.0,0.0,2.0,2.0,0.0,4.0,3.0,2.0,1.0,1.0,3.0,2.0,13.0,15.0,16.0,1,0,0,1,1,0,1,0,0,1,0,0,1,0,0,0,1,0,0,0,0,0,0,1,1,0,0,0,1,0,1,0,1,0,1,1,0,1,0,0,1,0,1
row_173,17.0,4.0,4.0,1.0,2.0,0.0,4.0,4.0,4.0,1.0,3.0,5.0,0.0,13.0,11.0,10.0,1,0,0,1,1,0,0,1,0,1,0,0,0,0,1,0,1,0,0,0,0,0,0,1,1,0,0,0,1,0,1,0,1,0,1,1,0,1,0,0,1,1,0
row_174,16.0,1.0,3.0,1.0,2.0,3.0,4.0,3.0,5.0,1.0,1.0,3.0,0.0,8.0,7.0,0.0,1,0,1,0,1,0,1,0,0,1,1,0,0,0,0,0,0,1,0,0,0,0,1,0,1,0,0,0,1,1,0,1,0,0,1,0,1,1,0,0,1,0,1
row_175,16.0,3.0,3.0,2.0,2.0,0.0,4.0,4.0,5.0,1.0,1.0,4.0,4.0,10.0,11.0,9.0,1,0,1,0,1,0,0,1,0,1,0,0,1,0,0,0,1,0,0,0,0,0,0,1,1,0,0,0,1,0,1,0,1,0,1,1,0,1,0,0,1,1,0
row_176,17.0,4.0,3.0,2.0,2.0,0.0,4.0,4.0,4.0,4.0,4.0,4.0,4.0,10.0,9.0,9.0,1,0,0,1,1,0,0,1,0,1,0,0,0,0,1,0,1,0,0,0,1,0,0,0,1,0,0,0,1,1,0,0,1,0,1,1,0,1,0,0,1,1,0
row_177,16.0,2.0,2.0,2.0,2.0,0.0,3.0,4.0,4.0,1.0,4.0,5.0,2.0,13.0,13.0,11.0,1,0,1,0,1,0,1,0,0,1,0,0,0,1,0,0,1,0,0,0,0,0,0,1,1,0,0,0,1,1,0,0,1,0,1,0,1,1,0,0,1,1,0
row_178,17.0,3.0,3.0,1.0,2.0,0.0,4.0,3.0,4.0,1.0,4.0,4.0,4.0,6.0,5.0,6.0,1,0,0,1,1,0,1,0,0,1,0,0,1,0,0,0,1,0,0,0,0,0,0,1,0,1,0,0,1,1,0,1,0,0,1,0,1,1,0,0,1,1,0
row_179,16.0,4.0,2.0,1.0,1.0,0.0,4.0,3.0,3.0,3.0,4.0,3.0,10.0,10.0,8.0,9.0,1,0,0,1,0,1,1,0,0,1,0,0,0,0,1,0,0,1,0,0,0,1,0,0,1,0,0,0,1,0,1,1,0,0,1,1,0,1,0,0,1,0,1
row_180,17.0,4.0,3.0,1.0,2.0,0.0,5.0,2.0,3.0,1.0,1.0,2.0,4.0,10.0,10.0,11.0,1,0,0,1,1,0,1,0,0,1,0,0,1,0,0,0,1,0,0,0,1,0,0,0,1,0,0,0,1,0,1,1,0,0,1,1,0,1,0,0,1,0,1
row_181,16.0,4.0,3.0,1.0,2.0,0.0,3.0,4.0,3.0,2.0,3.0,3.0,10.0,9.0,8.0,8.0,1,0,0,1,1,0,1,0,0,1,0,0,0,0,1,0,1,0,0,0,0,0,1,0,1,0,0,0,1,0,1,0,1,0,1,1,0,1,0,0,1,1,0
row_182,16.0,3.0,3.0,1.0,2.0,0.0,4.0,2.0,3.0,1.0,2.0,3.0,2.0,12.0,13.0,12.0,1,0,0,1,1,0,1,0,0,1,0,0,0,1,0,0,1,0,0,0,0,0,1,0,1,0,0,0,1,1,0,0,1,0,1,1,0,1,0,0,1,0,1
row_183,17.0,2.0,4.0,1.0,2.0,0.0,5.0,4.0,2.0,2.0,3.0,5.0,0.0,16.0,17.0,17.0,1,0,1,0,1,0,1,0,0,1,0,0,0,1,0,0,0,1,0,0,0,0,0,1,0,1,0,0,1,0,1,1,0,0,1,1,0,1,0,1,0,1,0
row_184,17.0,3.0,3.0,1.0,2.0,0.0,5.0,3.0,3.0,2.0,3.0,1.0,56.0,9.0,9.0,8.0,1,0,1,0,1,0,0,1,0,1,0,0,1,0,0,0,1,0,0,0,0,0,0,1,1,0,0,0,1,0,1,1,0,0,1,1,0,1,0,0,1,0,1
row_185,16.0,3.0,2.0,1.0,2.0,0.0,1.0,2.0,2.0,1.0,2.0,1.0,14.0,12.0,13.0,12.0,1,0,1,0,1,0,1,0,0,1,0,0,1,0,0,0,1,0,0,0,0,0,0,1,1,0,0,0,1,0,1,0,1,1,0,1,0,1,0,0,1,1,0
row_186,17.0,3.0,3.0,1.0,2.0,0.0,4.0,3.0,4.0,2.0,3.0,4.0,12.0,12.0,12.0,11.0,1,0,0,1,1,0,1,0,0,1,0,0,0,1,0,0,0,1,0,0,0,1,0,0,1,0,0,0,1,0,1,1,0,0,1,1,0,1,0,0,1,0,1
row_187,16.0,1.0,2.0,1.0,1.0,0.0,3.0,3.0,3.0,1.0,2.0,3.0,2.0,11.0,12.0,11.0,1,0,0,1,1,0,1,0,0,1,0,0,0,1,0,0,0,1,0,0,0,1,0,0,1,0,0,0,1,0,1,0,1,0,1,1,0,1,0,0,1,0,1
row_188,16.0,2.0,1.0,1.0,2.0,0.0,4.0,2.0,3.0,1.0,2.0,5.0,0.0,15.0,15.0,15.0,1,0,0,1,1,0,0,1,0,1,0,0,1,0,0,0,1,0,0,0,1,0,0,0,1,0,0,0,1,1,0,0,1,0,1,1,0,1,0,0,1,0,1
row_189,17.0,3.0,3.0,1.0,2.0,0.0,3.0,3.0,3.0,1.0,3.0,3.0,6.0,8.0,7.0,9.0,1,0,1,0,1,0,1,0,1,0,0,1,0,0,0,0,1,0,0,0,0,0,0,1,1,0,0,0,1,0,1,1,0,1,0,0,1,1,0,0,1,0,1
row_190,17.0,1.0,2.0,1.0,2.0,0.0,3.0,1.0,3.0,1.0,5.0,3.0,4.0,8.0,9.0,10.0,1,0,0,1,0,1,1,0,0,1,1,0,0,0,0,0,1,0,0,0,0,0,1,0,1,0,0,0,1,1,0,1,0,1,0,1,0,1,0,1,0,1,0
row_191,16.0,2.0,3.0,1.0,2.0,0.0,4.0,3.0,3.0,1.0,1.0,2.0,10.0,11.0,12.0,13.0,1,0,1,0,1,0,1,0,0,1,0,0,0,1,0,0,0,1,0,0,1,0,0,0,1,0,0,0,1,1,0,1,0,1,0,1,0,1,0,0,1,1,0
row_192,17.0,1.0,1.0,1.0,2.0,0.0,5.0,3.0,3.0,1.0,1.0,3.0,0.0,8.0,8.0,9.0,1,0,1,0,1,0,1,0,0,1,1,0,0,0,0,0,0,1,0,0,1,0,0,0,1,0,0,0,1,1,0,1,0,0,1,1,0,1,0,0,1,1,0
row_193,17.0,1.0,2.0,2.0,2.0,0.0,4.0,4.0,4.0,4.0,5.0,5.0,12.0,7.0,8.0,8.0,1,0,0,1,1,0,1,0,0,1,1,0,0,0,0,0,0,1,0,0,0,1,0,0,0,0,1,0,1,1,0,0,1,0,1,0,1,1,0,0,1,1,0
row_194,16.0,3.0,3.0,1.0,1.0,0.0,4.0,3.0,2.0,3.0,4.0,5.0,8.0,8.0,9.0,10.0,1,0,0,1,0,1,1,0,0,1,0,0,0,1,0,0,0,1,0,0,0,0,0,1,1,0,0,0,1,0,1,1,0,0,1,1,0,1,0,0,1,1,0
row_195,16.0,2.0,3.0,2.0,1.0,0.0,5.0,3.0,3.0,1.0,1.0,3.0,0.0,13.0,14.0,14.0,1,0,0,1,1,0,1,0,0,1,0,0,1,0,0,0,1,0,0,0,0,0,1,0,0,1,0,0,1,1,0,1,0,1,0,1,0,1,0,0,1,1,0
row_196,17.0,2.0,4.0,1.0,2.0,0.0,4.0,3.0,2.0,1.0,1.0,5.0,0.0,14.0,15.0,15.0,1,0,1,0,1,0,0,1,0,1,0,0,0,1,0,0,0,1,0,0,1,0,0,0,0,1,0,0,1,1,0,1,0,0,1,1,0,1,0,0,1,0,1
row_197,17.0,4.0,4.0,1.0,1.0,0.0,5.0,2.0,3.0,1.0,2.0,5.0,4.0,17.0,15.0,16.0,1,0,0,1,1,0,1,0,0,1,0,0,0,1,0,1,0,0,0,0,0,0,1,0,1,0,0,0,1,1,0,1,0,1,0,1,0,1,0,0,1,1,0
row_198,16.0,3.0,3.0,3.0,1.0,0.0,3.0,3.0,4.0,3.0,5.0,3.0,8.0,9.0,9.0,10.0,1,0,0,1,0,1,0,1,0,1,0,0,0,0,1,0,1,0,0,0,0,0,1,0,0,1,0,0,1,0,1,0,1,0,1,1,0,1,0,0,1,1,0
row_199,17.0,4.0,4.0,2.0,1.0,1.0,4.0,2.0,4.0,2.0,3.0,2.0,24.0,18.0,18.0,18.0,1,0,1,0,1,0,1,0,0,1,0,0,0,1,0,1,0,0,0,0,0,0,1,0,1,0,0,0,1,0,1,1,0,1,0,1,0,1,0,0,1,1,0
row_200,16.0,4.0,4.0,1.0,2.0,0.0,4.0,5.0,2.0,1.0,2.0,3.0,0.0,9.0,9.0,10.0,1,0,1,0,1,0,0,1,0,1,0,0,0,0,1,1,0,0,0,0,0,0,0,1,1,0,0,0,1,0,1,0,1,1,0,1,0,1,0,0,1,1,0
row_201,16.0,4.0,3.0,1.0,2.0,0.0,4.0,3.0,5.0,1.0,5.0,2.0,2.0,16.0,16.0,16.0,1,0,1,0,1,0,1,0,0,1,0,1,0,0,0,0,1,0,0,0,0,0,1,0,1,0,0,0,1,0,1,1,0,0,1,1,0,1,0,0,1,1,0
row_202,16.0,2.0,3.0,1.0,2.0,0.0,4.0,4.0,3.0,1.0,3.0,4.0,6.0,8.0,10.0,10.0,1,0,1,0,1,0,1,0,0,1,0,0,1,0,0,0,1,0,0,0,0,0,0,1,1,0,0,1,0,0,1,0,1,0,1,1,0,1,0,1,0,1,0
row_203,17.0,1.0,1.0,1.0,2.0,0.0,4.0,4.0,4.0,1.0,3.0,1.0,4.0,9.0,9.0,10.0,1,0,1,0,1,0,1,0,0,1,0,0,1,0,0,0,1,0,0,0,1,0,0,0,1,0,0,0,1,0,1,0,1,1,0,0,1,1,0,1,0,1,0
row_204,17.0,2.0,2.0,1.0,1.0,0.0,5.0,3.0,2.0,1.0,2.0,3.0,18.0,7.0,6.0,6.0,1,0,1,0,0,1,1,0,0,1,0,0,1,0,0,0,1,0,0,0,0,0,0,1,1,0,0,0,1,0,1,1,0,1,0,1,0,1,0,0,1,1,0
row_205,16.0,2.0,2.0,2.0,4.0,0.0,5.0,3.0,5.0,1.0,1.0,5.0,6.0,10.0,10.0,11.0,1,0,1,0,0,1,1,0,0,1,0,0,0,1,0,0,0,1,0,0,0,0,0,1,1,0,0,0,1,0,1,0,1,0,1,0,1,1,0,0,1,1,0
row_206,17.0,3.0,4.0,1.0,3.0,1.0,4.0,4.0,3.0,3.0,4.0,5.0,28.0,10.0,9.0,9.0,1,0,1,0,1,0,1,0,0,1,1,0,0,0,0,0,0,1,0,0,0,0,1,0,1,0,0,0,1,0,1,0,1,1,0,1,0,1,0,0,1,0,1
row_207,16.0,3.0,1.0,1.0,2.0,3.0,2.0,3.0,3.0,2.0,2.0,4.0,5.0,7.0,7.0,7.0,1,0,1,0,1,0,1,0,1,0,0,0,0,1,0,0,1,0,0,0,1,0,0,0,1,0,0,0,1,0,1,0,1,1,0,1,0,1,0,0,1,1,0
row_208,16.0,4.0,3.0,1.0,2.0,0.0,1.0,3.0,2.0,1.0,1.0,1.0,10.0,11.0,12.0,13.0,1,0,1,0,1,0,1,0,0,1,0,0,0,0,1,0,1,0,0,0,0,1,0,0,1,0,0,0,1,1,0,0,1,0,1,1,0,1,0,0,1,0,1
row_209,16.0,1.0,1.0,2.0,1.0,0.0,4.0,3.0,2.0,1.0,4.0,5.0,6.0,9.0,9.0,10.0,1,0,1,0,1,0,1,0,0,1,1,0,0,0,0,0,1,0,0,0,0,0,1,0,1,0,0,0,1,0,1,0,1,1,0,1,0,1,0,1,0,1,0
row_210,17.0,4.0,3.0,2.0,3.0,0.0,4.0,4.0,2.0,1.0,1.0,4.0,6.0,7.0,7.0,7.0,1,0,1,0,0,1,1,0,0,1,0,0,0,0,1,0,1,0,0,0,0,0,0,1,1,0,0,0,1,0,1,0,1,0,1,1,0,1,0,0,1,0,1
row_211,19.0,3.0,3.0,1.0,4.0,0.0,4.0,3.0,3.0,1.0,2.0,3.0,10.0,8.0,8.0,8.0,1,0,1,0,1,0,1,0,0,1,0,0,1,0,0,0,1,0,0,0,0,0,0,1,0,0,1,0,1,0,1,0,1,0,1,1,0,1,0,0,1,1,0
row_212,17.0,4.0,4.0,1.0,2.0,0.0,5.0,3.0,5.0,4.0,5.0,3.0,13.0,12.0,12.0,13.0,1,0,0,1,1,0,0,1,0,1,0,0,0,1,0,0,1,0,0,0,0,0,1,0,1,0,0,0,1,0,1,0,1,1,0,1,0,1,0,0,1,0,1
row_213,16.0,2.0,2.0,1.0,2.0,0.0,3.0,3.0,4.0,1.0,1.0,4.0,0.0,12.0,13.0,14.0,1,0,1,0,1,0,1,0,1,0,0,0,1,0,0,0,1,0,0,0,0,0,0,1,1,0,0,1,0,0,1,0,1,1,0,1,0,1,0,0,1,1,0
row_214,18.0,2.0,2.0,1.0,2.0,1.0,4.0,4.0,4.0,2.0,4.0,5.0,15.0,6.0,7.0,8.0,1,0,0,1,1,0,1,0,0,1,0,0,0,1,0,0,1,0,0,0,0,0,1,0,1,0,0,0,1,0,1,0,1,0,1,1,0,1,0,0,1,1,0
row_215,17.0,4.0,4.0,1.0,1.0,0.0,5.0,2.0,1.0,1.0,2.0,3.0,12.0,8.0,10.0,10.0,1,0,1,0,0,1,0,1,0,1,0,0,0,1,0,0,1,0,0,0,0,1,0,0,1,0,0,0,1,0,1,0,1,1,0,1,0,1,0,1,0,1,0
row_216,17.0,3.0,2.0,2.0,2.0,0.0,4.0,4.0,4.0,1.0,3.0,1.0,2.0,14.0,15.0,15.0,1,0,1,0,1,0,0,1,0,1,0,0,1,0,0,0,1,0,0,0,0,0,0,1,1,0,0,0,1,1,0,0,1,1,0,1,0,1,0,0,1,1,0
row_217,17.0,4.0,3.0,1.0,2.0,2.0,3.0,4.0,5.0,2.0,4.0,1.0,22.0,6.0,6.0,4.0,1,0,1,0,1,0,1,0,0,1,0,0,1,0,0,0,1,0,0,0,0,0,0,1,1,0,0,0,1,1,0,0,1,1,0,1,0,1,0,0,1,0,1
row_218,18.0,3.0,3.0,1.0,2.0,1.0,3.0,2.0,4.0,2.0,4.0,4.0,13.0,6.0,6.0,8.0,1,0,0,1,1,0,0,1,0,1,0,0,0,1,0,0,0,0,1,0,0,0,1,0,0,1,0,0,1,0,1,0,1,1,0,1,0,1,0,0,1,1,0
row_219,17.0,2.0,3.0,2.0,1.0,0.0,3.0,3.0,3.0,1.0,4.0,3.0,3.0,7.0,7.0,8.0,1,0,1,0,1,0,1,0,0,1,1,0,0,0,0,0,1,0,0,0,0,0,1,0,0,1,0,0,1,0,1,0,1,1,0,1,0,1,0,1,0,1,0
row_220,17.0,2.0,2.0,1.0,3.0,0.0,4.0,3.0,3.0,1.0,1.0,4.0,4.0,9.0,10.0,10.0,1,0,1,0,1,0,1,0,0,1,1,0,0,0,0,0,0,0,0,1,1,0,0,0,1,0,0,0,1,0,1,0,1,0,1,1,0,1,0,0,1,1,0
row_221,17.0,2.0,1.0,2.0,2.0,0.0,4.0,2.0,5.0,1.0,2.0,5.0,2.0,6.0,6.0,6.0,1,0,1,0,0,1,1,0,0,1,1,0,0,0,0,0,0,1,0,0,0,0,0,1,1,0,0,0,1,0,1,1,0,0,1,1,0,1,0,0,1,1,0
row_222,17.0,1.0,1.0,1.0,3.0,1.0,4.0,3.0,4.0,1.0,1.0,5.0,0.0,6.0,5.0,0.0,1,0,1,0,1,0,1,0,0,1,1,0,0,0,0,0,1,0,0,0,0,0,0,1,1,0,0,0,1,0,1,1,0,0,1,1,0,1,0,1,0,0,1
row_223,16.0,2.0,3.0,1.0,2.0,0.0,2.0,3.0,1.0,1.0,1.0,3.0,2.0,16.0,16.0,17.0,1,0,1,0,1,0,1,0,0,1,0,0,0,1,0,1,0,0,0,0,0,1,0,0,1,0,0,1,0,1,0,1,0,1,0,1,0,1,0,0,1,1,0
row_224,18.0,2.0,2.0,2.0,2.0,0.0,3.0,3.0,3.0,5.0,5.0,4.0,0.0,12.0,13.0,13.0,1,0,0,1,1,0,1,0,0,1,0,0,1,0,0,0,1,0,0,0,0,0,1,0,1,0,0,0,1,0,1,0,1,1,0,1,0,1,0,0,1,1,0
row_225,16.0,4.0,4.0,1.0,3.0,0.0,5.0,3.0,2.0,1.0,1.0,5.0,0.0,13.0,13.0,14.0,1,0,1,0,1,0,1,0,0,1,0,0,0,0,1,0,0,1,0,0,0,0,1,0,1,0,0,0,1,0,1,1,0,0,1,0,1,1,0,0,1,1,0
row_226,18.0,3.0,1.0,1.0,2.0,1.0,5.0,3.0,3.0,1.0,1.0,4.0,16.0,9.0,8.0,7.0,1,0,1,0,0,1,1,0,0,1,0,0,1,0,0,0,1,0,0,0,0,0,0,1,1,0,0,0,1,1,0,1,0,0,1,1,0,1,0,0,1,0,1
row_227,17.0,3.0,2.0,1.0,2.0,0.0,5.0,3.0,4.0,1.0,3.0,3.0,10.0,16.0,15.0,15.0,1,0,1,0,1,0,1,0,0,1,0,0,1,0,0,0,1,0,0,0,1,0,0,0,1,0,0,0,1,1,0,1,0,0,1,0,1,1,0,0,1,1,0
row_228,17.0,2.0,3.0,1.0,2.0,0.0,5.0,3.0,3.0,1.0,3.0,3.0,2.0,12.0,11.0,12.0,1,0,0,1,1,0,0,1,0,1,0,0,0,1,0,0,0,1,0,0,0,0,0,1,0,1,0,0,1,0,1,0,1,1,0,0,1,1,0,0,1,1,0
row_229,18.0,2.0,1.0,4.0,2.0,0.0,4.0,3.0,2.0,4.0,5.0,3.0,14.0,10.0,8.0,9.0,1,0,0,1,1,0,0,1,0,1,1,0,0,0,0,0,1,0,0,0,1,0,0,0,1,0,0,1,0,0,1,0,1,0,1,1,0,1,0,0,1,0,1
row_230,17.0,2.0,1.0,2.0,3.0,0.0,3.0,2.0,3.0,1.0,2.0,3.0,10.0,12.0,10.0,12.0,1,0,1,0,1,0,1,0,1,0,0,0,1,0,0,0,1,0,0,0,1,0,0,0,1,0,0,0,1,1,0,1,0,0,1,1,0,1,0,0,1,0,1
row_231,17.0,4.0,3.0,1.0,2.0,0.0,3.0,2.0,3.0,1.0,2.0,3.0,14.0,13.0,13.0,14.0,1,0,1,0,1,0,0,1,0,1,0,1,0,0,0,0,1,0,0,0,0,0,0,1,0,1,0,0,1,1,0,1,0,0,1,1,0,1,0,0,1,0,1
row_232,17.0,2.0,2.0,2.0,2.0,0.0,4.0,5.0,2.0,1.0,1.0,1.0,4.0,11.0,11.0,11.0,1,0,0,1,0,1,1,0,0,1,0,0,1,0,0,0,1,0,0,0,1,0,0,0,0,1,0,0,1,0,1,0,1,0,1,1,0,1,0,0,1,1,0
row_233,17.0,4.0,4.0,1.0,2.0,0.0,4.0,5.0,5.0,1.0,3.0,2.0,14.0,11.0,9.0,9.0,1,0,0,1,1,0,1,0,0,1,0,0,0,0,1,1,0,0,0,0,0,0,0,1,1,0,0,1,0,0,1,1,0,0,1,1,0,1,0,0,1,0,1
row_234,16.0,4.0,4.0,1.0,2.0,0.0,4.0,2.0,4.0,2.0,4.0,1.0,2.0,14.0,13.0,13.0,1,0,0,1,1,0,1,0,0,1,0,1,0,0,0,0,1,0,0,0,0,0,0,1,0,1,0,0,1,0,1,0,1,0,1,1,0,1,0,0,1,1,0
row_235,16.0,1.0,1.0,2.0,2.0,0.0,3.0,4.0,2.0,1.0,1.0,5.0,18.0,9.0,7.0,6.0,1,0,0,1,1,0,0,1,0,1,0,0,1,0,0,0,1,0,0,0,0,0,1,0,1,0,0,0,1,0,1,0,1,1,0,1,0,1,0,0,1,1,0
row_236,16.0,3.0,2.0,2.0,3.0,0.0,5.0,3.0,3.0,1.0,3.0,2.0,10.0,11.0,9.0,10.0,1,0,0,1,1,0,1,0,0,1,1,0,0,0,0,0,1,0,0,0,0,0,0,1,1,0,0,0,1,1,0,1,0,0,1,1,0,1,0,0,1,0,1
row_237,17.0,2.0,2.0,1.0,2.0,0.0,4.0,4.0,2.0,5.0,5.0,4.0,4.0,14.0,13.0,13.0,1,0,0,1,1,0,0,1,0,1,0,0,1,0,0,0,1,0,0,0,0,0,1,0,0,1,0,0,1,1,0,0,1,0,1,0,1,1,0,0,1,0,1
row_238,16.0,2.0,1.0,1.0,1.0,0.0,4.0,5.0,2.0,1.0,1.0,5.0,20.0,13.0,12.0,12.0,1,0,1,0,1,0,1,0,0,1,0,0,1,0,0,0,1,0,0,0,0,0,1,0,1,0,0,0,1,1,0,1,0,1,0,1,0,1,0,0,1,0,1
row_239,17.0,2.0,1.0,3.0,2.0,0.0,2.0,1.0,1.0,1.0,1.0,3.0,2.0,13.0,11.0,11.0,1,0,1,0,0,1,1,0,0,1,1,0,0,0,0,0,0,1,0,0,1,0,0,0,1,0,0,0,1,1,0,1,0,0,1,1,0,1,0,1,0,1,0
row_240,18.0,2.0,2.0,1.0,2.0,1.0,5.0,5.0,4.0,3.0,5.0,2.0,0.0,7.0,7.0,0.0,1,0,0,1,1,0,1,0,0,1,0,0,1,0,0,0,0,1,0,0,0,0,0,1,0,1,0,0,1,1,0,1,0,1,0,1,0,0,1,0,1,1,0
row_241,17.0,4.0,3.0,2.0,2.0,0.0,2.0,5.0,5.0,1.0,4.0,5.0,14.0,12.0,12.0,12.0,1,0,0,1,1,0,0,1,0,1,0,1,0,0,0,0,1,0,0,0,1,0,0,0,1,0,0,0,1,1,0,1,0,0,1,1,0,1,0,0,1,0,1
row_242,17.0,4.0,4.0,2.0,2.0,0.0,3.0,3.0,3.0,2.0,3.0,4.0,2.0,10.0,11.0,12.0,1,0,0,1,0,1,0,1,1,0,0,0,0,0,1,0,1,0,0,0,1,0,0,0,1,0,0,0,1,0,1,0,1,1,0,1,0,1,0,0,1,1,0
row_243,16.0,4.0,3.0,1.0,1.0,0.0,5.0,4.0,5.0,1.0,1.0,3.0,0.0,6.0,0.0,0.0,1,0,0,1,1,0,0,1,0,1,0,0,0,0,1,0,1,0,0,0,1,0,0,0,1,0,0,0,1,1,0,1,0,0,1,0,1,1,0,0,1,1,0
row_244,16.0,4.0,4.0,1.0,1.0,0.0,5.0,3.0,2.0,1.0,2.0,5.0,0.0,13.0,12.0,12.0,1,0,0,1,1,0,1,0,0,1,0,0,0,1,0,0,0,1,0,0,1,0,0,0,1,0,0,0,1,1,0,1,0,0,1,1,0,1,0,0,1,1,0
row_245,18.0,2.0,1.0,2.0,3.0,0.0,4.0,4.0,4.0,1.0,1.0,3.0,0.0,7.0,0.0,0.0,1,0,1,0,1,0,1,0,0,1,0,0,1,0,0,0,1,0,0,0,1,0,0,0,0,0,1,0,1,0,1,0,1,1,0,0,1,1,0,0,1,0,1
row_246,16.0,2.0,1.0,3.0,1.0,0.0,4.0,3.0,3.0,1.0,1.0,4.0,6.0,18.0,18.0,18.0,1,0,0,1,1,0,1,0,0,1,0,0,1,0,0,0,1,0,0,0,1,0,0,0,1,0,0,0,1,1,0,1,0,1,0,1,0,1,0,0,1,1,0
row_247,17.0,2.0,3.0,2.0,1.0,0.0,5.0,2.0,2.0,1.0,1.0,2.0,4.0,12.0,12.0,13.0,1,0,0,1,1,0,1,0,0,1,0,0,1,0,0,0,1,0,0,0,1,0,0,0,0,1,0,0,1,1,0,1,0,1,0,1,0,1,0,0,1,1,0
row_248,22.0,3.0,1.0,1.0,1.0,3.0,5.0,4.0,5.0,5.0,5.0,1.0,16.0,6.0,8.0,8.0,1,0,0,1,1,0,1,0,0,1,0,0,0,1,0,0,0,1,0,0,0,1,0,0,1,0,0,0,1,1,0,1,0,1,0,0,1,0,1,0,1,0,1
row_249,18.0,3.0,3.0,1.0,2.0,1.0,4.0,3.0,3.0,1.0,3.0,5.0,8.0,3.0,5.0,5.0,1,0,0,1,0,1,0,1,0,1,0,0,1,0,0,0,0,1,0,0,1,0,0,0,1,0,0,0,1,0,1,1,0,1,0,1,0,1,0,0,1,0,1
row_250,16.0,0.0,2.0,1.0,1.0,0.0,4.0,3.0,2.0,2.0,4.0,5.0,0.0,13.0,15.0,15.0,1,0,0,1,1,0,1,0,0,1,0,0,1,0,0,0,1,0,0,0,0,1,0,0,1,0,0,0,1,1,0,0,1,1,0,0,1,1,0,0,1,1,0
row_251,18.0,3.0,2.0,2.0,1.0,1.0,4.0,4.0,5.0,2.0,4.0,5.0,0.0,6.0,8.0,8.0,1,0,0,1,1,0,1,0,0,1,0,0,0,1,0,0,1,0,0,0,1,0,0,0,1,0,0,0,1,1,0,1,0,1,0,1,0,0,1,0,1,1,0
row_252,16.0,3.0,3.0,3.0,2.0,0.0,5.0,3.0,3.0,1.0,3.0,2.0,6.0,7.0,10.0,10.0,1,0,0,1,1,0,1,0,0,1,1,0,0,0,0,0,1,0,0,0,0,0,0,1,0,0,1,1,0,0,1,1,0,1,0,0,1,1,0,0,1,1,0
row_253,18.0,2.0,1.0,1.0,1.0,1.0,3.0,2.0,5.0,2.0,5.0,5.0,4.0,6.0,9.0,8.0,1,0,0,1,1,0,1,0,0,1,0,0,0,1,0,0,0,1,0,0,0,1,0,0,1,0,0,0,1,1,0,1,0,1,0,0,1,0,1,0,1,1,0
row_254,16.0,2.0,1.0,2.0,1.0,0.0,3.0,3.0,2.0,1.0,3.0,3.0,0.0,8.0,9.0,8.0,1,0,0,1,0,1,1,0,0,1,0,0,1,0,0,0,1,0,0,0,1,0,0,0,1,0,0,0,1,1,0,1,0,0,1,0,1,1,0,1,0,1,0
row_255,17.0,2.0,1.0,1.0,1.0,0.0,4.0,4.0,2.0,2.0,4.0,5.0,0.0,8.0,12.0,12.0,1,0,0,1,0,1,1,0,0,1,0,0,1,0,0,0,1,0,0,0,1,0,0,0,1,0,0,0,1,1,0,1,0,1,0,0,1,1,0,0,1,1,0
row_256,17.0,1.0,1.0,2.0,1.0,1.0,4.0,4.0,4.0,1.0,2.0,5.0,2.0,7.0,9.0,8.0,1,0,0,1,1,0,0,1,0,1,0,1,0,0,0,0,1,0,0,0,1,0,0,0,1,0,0,0,1,0,1,1,0,0,1,1,0,1,0,0,1,1,0
row_257,17.0,4.0,2.0,1.0,4.0,0.0,4.0,2.0,3.0,1.0,1.0,4.0,6.0,14.0,12.0,13.0,1,0,1,0,1,0,0,1,0,1,0,0,0,0,1,0,0,1,0,0,0,0,0,1,1,0,0,0,1,0,1,0,1,0,1,1,0,1,0,0,1,1,0
row_258,19.0,4.0,3.0,1.0,2.0,0.0,4.0,3.0,1.0,1.0,1.0,1.0,12.0,11.0,11.0,11.0,1,0,0,1,1,0,0,1,1,0,0,0,0,1,0,0,0,0,0,1,0,0,0,1,1,0,0,0,1,0,1,1,0,1,0,1,0,1,0,0,1,1,0
row_259,18.0,2.0,1.0,1.0,2.0,0.0,5.0,2.0,4.0,1.0,2.0,4.0,8.0,15.0,14.0,14.0,1,0,0,1,1,0,1,0,0,1,0,0,1,0,0,0,1,0,0,0,0,0,1,0,1,0,0,0,1,1,0,1,0,0,1,1,0,1,0,0,1,1,0
row_260,17.0,2.0,2.0,1.0,4.0,0.0,3.0,4.0,1.0,1.0,1.0,2.0,0.0,10.0,9.0,0.0,1,0,1,0,1,0,0,1,0,1,0,0,0,1,0,0,0,1,0,0,1,0,0,0,0,1,0,0,1,1,0,0,1,0,1,1,0,1,0,0,1,0,1
row_261,18.0,4.0,3.0,1.0,2.0,0.0,3.0,1.0,2.0,1.0,3.0,2.0,21.0,17.0,18.0,18.0,1,0,1,0,1,0,1,0,0,1,0,0,0,1,0,0,1,0,0,0,0,0,1,0,0,1,0,0,1,0,1,0,1,1,0,1,0,1,0,0,1,0,1
row_262,18.0,4.0,3.0,1.0,2.0,0.0,4.0,3.0,2.0,1.0,1.0,3.0,2.0,8.0,8.0,8.0,1,0,0,1,1,0,1,0,0,1,0,0,0,0,1,0,1,0,0,0,1,0,0,0,1,0,0,0,1,0,1,0,1,1,0,0,1,1,0,0,1,1,0
row_263,18.0,3.0,2.0,1.0,3.0,0.0,5.0,3.0,2.0,1.0,1.0,3.0,1.0,13.0,12.0,12.0,1,0,0,1,0,1,1,0,0,1,0,0,1,0,0,0,1,0,0,0,1,0,0,0,1,0,0,0,1,1,0,1,0,0,1,0,1,1,0,1,0,1,0
row_264,17.0,3.0,3.0,1.0,3.0,0.0,3.0,2.0,3.0,1.0,1.0,4.0,4.0,10.0,9.0,9.0,1,0,1,0,1,0,1,0,0,1,0,0,1,0,0,0,1,0,0,0,0,0,1,0,1,0,0,0,1,1,0,1,0,0,1,0,1,1,0,1,0,1,0
row_265,18.0,2.0,2.0,1.0,3.0,0.0,4.0,3.0,3.0,1.0,1.0,3.0,0.0,9.0,10.0,0.0,1,0,1,0,1,0,1,0,0,1,1,0,0,0,0,0,0,1,0,0,0,0,1,0,1,0,0,0,1,0,1,0,1,0,1,1,0,1,0,0,1,0,1
row_266,18.0,3.0,4.0,2.0,2.0,0.0,4.0,2.0,5.0,3.0,4.0,1.0,13.0,17.0,17.0,17.0,1,0,0,1,0,1,0,1,1,0,0,0,1,0,0,0,1,0,0,0,0,0,0,1,1,0,0,0,1,0,1,0,1,0,1,1,0,1,0,0,1,1,0
row_267,17.0,3.0,1.0,1.0,2.0,0.0,5.0,4.0,4.0,3.0,4.0,5.0,2.0,9.0,9.0,10.0,1,0,0,1,1,0,1,0,0,1,0,0,0,1,0,0,1,0,0,0,0,1,0,0,1,0,0,0,1,1,0,0,1,0,1,1,0,1,0,0,1,0,1
row_268,18.0,4.0,4.0,2.0,2.0,0.0,4.0,3.0,4.0,2.0,2.0,4.0,8.0,12.0,10.0,11.0,1,0,1,0,0,1,1,0,0,1,0,0,0,0,1,0,1,0,0,0,0,0,0,1,1,0,0,0,1,1,0,0,1,0,1,1,0,1,0,0,1,1,0
row_269,18.0,4.0,2.0,1.0,2.0,0.0,5.0,4.0,5.0,1.0,3.0,5.0,10.0,10.0,9.0,10.0,1,0,0,1,1,0,1,0,0,1,0,1,0,0,0,0,1,0,0,0,0,0,0,1,0,1,0,0,1,0,1,0,1,0,1,1,0,1,0,0,1,0,1
row_270,18.0,2.0,1.0,2.0,2.0,0.0,4.0,3.0,5.0,1.0,2.0,3.0,0.0,6.0,0.0,0.0,1,0,1,0,0,1,1,0,0,1,0,0,1,0,0,0,1,0,0,0,0,0,0,1,1,0,0,0,1,0,1,1,0,1,0,1,0,0,1,0,1,0,1
row_271,19.0,3.0,3.0,1.0,2.0,2.0,4.0,3.0,5.0,3.0,3.0,5.0,15.0,9.0,9.0,9.0,1,0,1,0,1,0,1,0,0,1,0,0,1,0,0,0,0,1,0,0,0,0,1,0,0,0,1,0,1,0,1,0,1,0,1,1,0,1,0,0,1,1,0
row_272,18.0,2.0,3.0,1.0,4.0,0.0,4.0,5.0,5.0,1.0,3.0,2.0,4.0,15.0,14.0,14.0,1,0,1,0,1,0,1,0,0,1,0,0,1,0,0,0,0,1,0,0,0,0,0,1,0,1,0,0,1,0,1,0,1,0,1,1,0,1,0,0,1,0,1
row_273,18.0,1.0,1.0,2.0,2.0,0.0,4.0,4.0,3.0,1.0,1.0,3.0,2.0,11.0,11.0,11.0,1,0,1,0,1,0,0,1,0,1,0,0,1,0,0,0,1,0,0,0,0,0,1,0,1,0,0,0,1,0,1,0,1,1,0,0,1,1,0,1,0,1,0
row_274,17.0,1.0,2.0,1.0,2.0,0.0,3.0,5.0,2.0,2.0,2.0,1.0,2.0,15.0,14.0,14.0,1,0,0,1,0,1,1,0,0,1,1,0,0,0,0,0,0,0,0,1,0,0,1,0,1,0,0,0,1,0,1,0,1,0,1,0,1,1,0,1,0,0,1
row_275,17.0,2.0,4.0,2.0,2.0,0.0,4.0,3.0,3.0,1.0,1.0,1.0,2.0,10.0,10.0,10.0,1,0,1,0,1,0,1,0,0,1,1,0,0,0,0,0,0,0,1,0,0,0,0,1,1,0,0,0,1,0,1,0,1,1,0,1,0,1,0,0,1,0,1
row_276,17.0,2.0,2.0,2.0,2.0,0.0,4.0,4.0,4.0,2.0,3.0,5.0,6.0,12.0,12.0,12.0,1,0,1,0,1,0,0,1,0,1,0,0,0,1,0,0,1,0,0,0,1,0,0,0,1,0,0,1,0,0,1,0,1,1,0,1,0,1,0,0,1,0,1
row_277,18.0,3.0,2.0,2.0,2.0,0.0,4.0,1.0,1.0,1.0,1.0,5.0,75.0,10.0,9.0,9.0,1,0,1,0,0,1,1,0,1,0,0,0,1,0,0,0,0,1,0,0,0,0,1,0,1,0,0,0,1,1,0,1,0,1,0,0,1,0,1,0,1,0,1
row_278,18.0,4.0,4.0,2.0,1.0,0.0,3.0,2.0,4.0,1.0,4.0,3.0,22.0,9.0,9.0,9.0,1,0,0,1,1,0,1,0,0,1,0,0,0,0,1,0,0,1,0,0,0,0,1,0,1,0,0,0,1,1,0,0,1,0,1,1,0,1,0,0,1,1,0
row_279,18.0,4.0,4.0,1.0,2.0,1.0,2.0,4.0,4.0,1.0,1.0,4.0,15.0,9.0,8.0,8.0,1,0,1,0,1,0,1,0,0,1,0,1,0,0,0,0,0,0,1,0,0,0,0,1,0,1,0,1,0,0,1,1,0,0,1,1,0,1,0,0,1,0,1
row_280,18.0,4.0,3.0,2.0,1.0,0.0,4.0,2.0,3.0,1.0,2.0,1.0,8.0,10.0,11.0,10.0,1,0,0,1,1,0,0,1,0,1,0,0,0,0,1,0,0,1,0,0,1,0,0,0,1,0,0,0,1,1,0,0,1,0,1,1,0,1,0,0,1,1,0
row_281,17.0,4.0,1.0,2.0,1.0,0.0,4.0,5.0,4.0,2.0,4.0,5.0,30.0,8.0,8.0,8.0,1,0,0,1,1,0,0,1,1,0,0,0,0,1,0,0,1,0,0,0,0,0,1,0,1,0,0,0,1,1,0,0,1,0,1,1,0,1,0,0,1,0,1
row_282,17.0,3.0,2.0,1.0,1.0,1.0,4.0,4.0,4.0,3.0,4.0,3.0,19.0,11.0,9.0,10.0,1,0,0,1,1,0,0,1,1,0,0,0,0,0,1,0,0,1,0,0,0,0,1,0,1,0,0,0,1,1,0,1,0,1,0,1,0,1,0,0,1,1,0
row_283,18.0,1.0,1.0,2.0,4.0,0.0,5.0,2.0,2.0,1.0,1.0,3.0,1.0,12.0,12.0,12.0,1,0,1,0,0,1,0,1,0,1,1,0,0,0,0,0,1,0,0,0,0,0,0,1,1,0,0,0,1,0,1,0,1,0,1,1,0,1,0,1,0,1,0
row_284,18.0,1.0,1.0,2.0,2.0,0.0,5.0,4.0,4.0,1.0,1.0,4.0,4.0,8.0,9.0,10.0,1,0,1,0,1,0,1,0,0,1,0,0,1,0,0,0,1,0,0,0,0,0,1,0,1,0,0,1,0,1,0,1,0,0,1,1,0,1,0,0,1,1,0
row_285,17.0,2.0,2.0,1.0,2.0,0.0,5.0,4.0,5.0,1.0,2.0,5.0,4.0,10.0,9.0,11.0,1,0,1,0,1,0,1,0,0,1,0,0,1,0,0,0,1,0,0,0,1,0,0,0,1,0,0,0,1,0,1,1,0,1,0,0,1,1,0,0,1,1,0
row_286,17.0,1.0,1.0,1.0,2.0,0.0,4.0,3.0,3.0,1.0,2.0,4.0,2.0,12.0,10.0,11.0,1,0,0,1,1,0,1,0,0,1,0,0,1,0,0,0,1,0,0,0,0,0,0,1,0,1,0,0,1,1,0,0,1,1,0,0,1,1,0,0,1,1,0
row_287,18.0,2.0,2.0,1.0,3.0,0.0,4.0,3.0,3.0,1.0,2.0,2.0,5.0,18.0,18.0,19.0,1,0,1,0,1,0,1,0,0,1,1,0,0,0,0,0,0,0,0,1,0,1,0,0,1,0,0,0,1,0,1,0,1,1,0,1,0,1,0,0,1,1,0
row_288,17.0,1.0,1.0,1.0,3.0,0.0,4.0,3.0,3.0,1.0,1.0,3.0,6.0,13.0,12.0,12.0,1,0,1,0,1,0,1,0,0,1,0,0,0,1,0,1,0,0,0,0,0,0,0,1,1,0,0,0,1,0,1,0,1,1,0,1,0,1,0,0,1,1,0
row_289,18.0,2.0,1.0,1.0,3.0,0.0,4.0,2.0,4.0,1.0,3.0,2.0,6.0,15.0,14.0,14.0,1,0,0,1,1,0,1,0,0,1,0,0,0,1,0,0,0,1,0,0,0,0,0,1,1,0,0,0,1,1,0,0,1,0,1,1,0,1,0,0,1,1,0
row_290,18.0,4.0,4.0,1.0,2.0,0.0,5.0,4.0,3.0,1.0,1.0,2.0,9.0,15.0,13.0,15.0,1,0,0,1,1,0,0,1,1,0,0,0,0,0,1,1,0,0,0,0,0,0,0,1,1,0,0,0,1,0,1,0,1,0,1,1,0,1,0,0,1,1,0
row_291,18.0,4.0,2.0,1.0,2.0,0.0,4.0,3.0,2.0,1.0,4.0,5.0,11.0,12.0,11.0,11.0,1,0,0,1,1,0,1,0,0,1,0,0,0,0,1,0,1,0,0,0,0,0,1,0,1,0,0,0,1,0,1,0,1,0,1,1,0,1,0,0,1,0,1
row_292,17.0,4.0,3.0,1.0,3.0,0.0,4.0,2.0,2.0,1.0,2.0,3.0,0.0,15.0,15.0,15.0,1,0,1,0,1,0,1,0,0,1,0,1,0,0,0,0,0,1,0,0,0,0,0,1,1,0,0,0,1,0,1,0,1,1,0,1,0,1,0,0,1,1,0
row_293,18.0,2.0,1.0,1.0,2.0,1.0,5.0,4.0,3.0,1.0,1.0,5.0,12.0,12.0,12.0,13.0,1,0,1,0,1,0,0,1,0,1,0,0,0,1,0,0,0,0,0,1,0,0,0,1,1,0,0,0,1,1,0,1,0,1,0,1,0,1,0,0,1,0,1
row_294,17.0,3.0,1.0,2.0,4.0,0.0,3.0,1.0,2.0,1.0,1.0,3.0,6.0,18.0,18.0,18.0,1,0,1,0,0,1,0,1,0,1,0,0,0,1,0,0,1,0,0,0,0,0,0,1,1,0,0,0,1,0,1,0,1,1,0,1,0,1,0,1,0,1,0
row_295,18.0,3.0,2.0,2.0,3.0,0.0,5.0,4.0,2.0,1.0,1.0,4.0,8.0,14.0,13.0,14.0,1,0,0,1,0,1,0,1,0,1,0,0,0,1,0,0,1,0,0,0,0,0,0,1,1,0,0,0,1,0,1,0,1,0,1,1,0,1,0,0,1,1,0
row_296,17.0,3.0,3.0,1.0,1.0,0.0,4.0,4.0,3.0,1.0,3.0,5.0,4.0,14.0,12.0,11.0,1,0,0,1,1,0,1,0,0,1,0,1,0,0,0,0,1,0,0,0,0,0,1,0,1,0,0,0,1,0,1,0,1,1,0,1,0,1,0,0,1,1,0
row_297,19.0,4.0,4.0,2.0,2.0,0.0,2.0,3.0,4.0,2.0,3.0,2.0,0.0,10.0,9.0,0.0,1,0,1,0,1,0,1,0,0,1,0,1,0,0,0,0,1,0,0,0,0,0,0,1,0,0,1,0,1,0,1,0,1,0,1,1,0,1,0,0,1,1,0
row_298,18.0,4.0,3.0,2.0,2.0,0.0,4.0,4.0,5.0,1.0,2.0,2.0,10.0,10.0,8.0,8.0,1,0,1,0,1,0,0,1,0,1,0,0,1,0,0,0,1,0,0,0,0,0,1,0,0,0,1,0,1,0,1,0,1,1,0,1,0,1,0,0,1,0,1
row_299,18.0,4.0,3.0,1.0,4.0,0.0,4.0,3.0,3.0,1.0,1.0,3.0,0.0,14.0,13.0,14.0,1,0,1,0,1,0,1,0,0,1,0,0,1,0,0,0,1,0,0,0,0,0,0,1,0,1,0,0,1,0,1,0,1,1,0,1,0,1,0,0,1,1,0
row_300,18.0,4.0,4.0,1.0,1.0,0.0,1.0,4.0,2.0,2.0,2.0,1.0,5.0,16.0,15.0,16.0,1,0,0,1,1,0,0,1,0,1,0,0,0,0,1,1,0,0,0,0,0,0,1,0,1,0,0,0,1,0,1,0,1,1,0,1,0,1,0,0,1,0,1
row_301,18.0,4.0,4.0,1.0,2.0,0.0,4.0,2.0,4.0,1.0,1.0,4.0,14.0,12.0,10.0,11.0,1,0,1,0,1,0,0,1,1,0,0,1,0,0,0,0,1,0,0,0,0,0,1,0,1,0,0,0,1,0,1,1,0,1,0,1,0,1,0,0,1,0,1
row_302,17.0,4.0,4.0,2.0,1.0,0.0,4.0,1.0,1.0,2.0,2.0,5.0,0.0,11.0,11.0,10.0,1,0,0,1,1,0,0,1,0,1,0,0,1,0,0,1,0,0,0,0,0,0,1,0,0,1,0,0,1,1,0,0,1,1,0,1,0,1,0,0,1,1,0
row_303,17.0,4.0,2.0,2.0,3.0,0.0,4.0,3.0,3.0,1.0,1.0,3.0,0.0,15.0,12.0,14.0,1,0,1,0,1,0,1,0,0,1,0,0,1,0,0,0,1,0,0,0,0,0,0,1,1,0,0,0,1,0,1,0,1,1,0,1,0,1,0,0,1,1,0
row_304,17.0,3.0,2.0,1.0,4.0,0.0,5.0,2.0,2.0,1.0,2.0,5.0,0.0,17.0,17.0,18.0,1,0,1,0,1,0,1,0,0,1,0,1,0,0,0,0,0,0,1,0,0,0,0,1,0,1,0,0,1,0,1,0,1,0,1,0,1,1,0,0,1,1,0
row_305,19.0,3.0,3.0,1.0,2.0,1.0,4.0,4.0,4.0,1.0,1.0,3.0,20.0,15.0,14.0,13.0,1,0,0,1,1,0,1,0,0,1,0,0,1,0,0,0,1,0,0,0,0,0,1,0,0,0,1,0,1,0,1,1,0,0,1,1,0,1,0,0,1,0,1
row_306,18.0,2.0,4.0,1.0,2.0,1.0,4.0,4.0,3.0,1.0,1.0,3.0,8.0,14.0,12.0,12.0,1,0,1,0,1,0,1,0,0,1,0,0,0,1,0,0,0,0,0,1,0,0,0,1,0,0,1,0,1,0,1,0,1,0,1,1,0,1,0,0,1,1,0
row_307,20.0,3.0,2.0,1.0,1.0,0.0,5.0,5.0,3.0,1.0,1.0,5.0,0.0,17.0,18.0,18.0,1,0,0,1,1,0,1,0,1,0,0,0,0,1,0,0,1,0,0,0,1,0,0,0,0,0,1,0,1,1,0,1,0,0,1,1,0,1,0,1,0,1,0
row_308,19.0,4.0,4.0,2.0,1.0,1.0,4.0,3.0,4.0,1.0,1.0,4.0,38.0,8.0,9.0,8.0,1,0,0,1,1,0,1,0,0,1,0,0,0,0,1,0,0,1,0,0,0,0,0,1,0,0,1,0,1,0,1,0,1,1,0,1,0,1,0,0,1,0,1
row_309,19.0,3.0,3.0,1.0,2.0,1.0,4.0,5.0,3.0,1.0,2.0,5.0,0.0,15.0,12.0,12.0,1,0,0,1,0,1,1,0,0,1,0,0,1,0,0,0,0,1,0,0,0,0,0,1,0,1,0,0,1,1,0,1,0,0,1,1,0,1,0,1,0,0,1
row_310,19.0,1.0,1.0,1.0,2.0,1.0,4.0,4.0,3.0,1.0,3.0,3.0,18.0,12.0,10.0,10.0,1,0,1,0,1,0,0,1,0,1,1,0,0,0,0,0,1,0,0,0,0,0,0,1,0,0,1,1,0,0,1,1,0,0,1,0,1,1,0,0,1,1,0
row_311,19.0,1.0,2.0,1.0,2.0,1.0,4.0,2.0,4.0,2.0,2.0,3.0,0.0,9.0,9.0,0.0,1,0,1,0,1,0,0,1,0,1,0,0,0,1,0,0,0,1,0,0,0,0,1,0,0,0,1,0,1,1,0,1,0,0,1,0,1,1,0,1,0,0,1
row_312,19.0,2.0,1.0,3.0,2.0,0.0,3.0,4.0,1.0,1.0,1.0,2.0,20.0,14.0,12.0,13.0,1,0,1,0,1,0,1,0,0,1,1,0,0,0,0,0,1,0,0,0,0,1,0,0,0,0,1,0,1,0,1,1,0,1,0,1,0,0,1,0,1,0,1
row_313,19.0,1.0,2.0,1.0,2.0,1.0,4.0,5.0,2.0,2.0,2.0,4.0,3.0,13.0,11.0,11.0,1,0,0,1,1,0,1,0,0,1,0,0,1,0,0,0,0,1,0,0,1,0,0,0,0,0,1,0,1,1,0,1,0,1,0,0,1,1,0,0,1,1,0
row_314,19.0,3.0,2.0,2.0,2.0,1.0,4.0,2.0,2.0,1.0,2.0,1.0,22.0,13.0,10.0,11.0,1,0,1,0,1,0,0,1,0,1,0,0,0,1,0,0,1,0,0,0,0,0,0,1,0,0,1,0,1,0,1,0,1,1,0,0,1,1,0,0,1,0,1
row_315,19.0,1.0,1.0,1.0,3.0,2.0,4.0,1.0,2.0,1.0,1.0,3.0,14.0,15.0,13.0,13.0,1,0,1,0,1,0,1,0,0,1,1,0,0,0,0,0,0,0,1,0,0,0,1,0,0,0,1,0,1,1,0,1,0,1,0,0,1,1,0,0,1,0,1
row_316,19.0,2.0,3.0,1.0,3.0,1.0,4.0,1.0,2.0,1.0,1.0,3.0,40.0,13.0,11.0,11.0,1,0,1,0,0,1,1,0,0,1,0,0,1,0,0,0,1,0,0,0,0,0,0,1,0,0,1,0,1,1,0,1,0,1,0,1,0,1,0,0,1,0,1
row_317,18.0,2.0,1.0,2.0,2.0,0.0,5.0,3.0,3.0,1.0,2.0,1.0,0.0,8.0,8.0,0.0,1,0,1,0,1,0,1,0,0,1,0,0,0,1,0,0,1,0,0,0,1,0,0,0,1,0,0,0,1,0,1,0,1,0,1,1,0,1,0,0,1,1,0
row_318,18.0,4.0,3.0,1.0,3.0,0.0,4.0,3.0,4.0,1.0,1.0,5.0,9.0,9.0,10.0,9.0,1,0,1,0,1,0,1,0,0,1,0,0,1,0,0,0,1,0,0,0,1,0,0,0,1,0,0,0,1,0,1,0,1,0,1,1,0,1,0,0,1,0,1
row_319,17.0,3.0,4.0,1.0,3.0,0.0,4.0,3.0,4.0,2.0,5.0,5.0,0.0,11.0,11.0,10.0,1,0,1,0,0,1,1,0,0,1,1,0,0,0,0,0,0,1,0,0,1,0,0,0,0,1,0,0,1,0,1,0,1,0,1,0,1,1,0,0,1,1,0
row_320,18.0,4.0,4.0,1.0,2.0,0.0,4.0,4.0,4.0,3.0,3.0,5.0,2.0,11.0,11.0,11.0,1,0,1,0,1,0,1,0,0,1,0,0,0,0,1,0,1,0,0,0,1,0,0,0,1,0,0,0,1,0,1,0,1,1,0,1,0,1,0,0,1,1,0
row_321,17.0,4.0,3.0,1.0,2.0,0.0,5.0,2.0,2.0,1.0,2.0,5.0,23.0,13.0,13.0,13.0,1,0,1,0,1,0,1,0,1,0,0,0,0,1,0,0,0,1,0,0,1,0,0,0,1,0,0,0,1,0,1,0,1,1,0,1,0,1,0,0,1,0,1
row_322,17.0,2.0,2.0,1.0,2.0,0.0,4.0,2.0,2.0,1.0,1.0,3.0,12.0,11.0,9.0,9.0,1,0,1,0,1,0,1,0,0,1,0,0,1,0,0,0,1,0,0,0,1,0,0,0,1,0,0,0,1,0,1,1,0,1,0,1,0,1,0,1,0,0,1
row_323,17.0,2.0,2.0,1.0,3.0,0.0,3.0,3.0,2.0,2.0,2.0,3.0,3.0,11.0,11.0,11.0,1,0,1,0,0,1,0,1,0,1,0,0,0,1,0,0,0,1,0,0,1,0,0,0,1,0,0,0,1,0,1,0,1,0,1,1,0,1,0,0,1,1,0
row_324,17.0,3.0,1.0,1.0,3.0,0.0,3.0,4.0,3.0,2.0,3.0,5.0,1.0,12.0,14.0,15.0,1,0,1,0,1,0,1,0,0,1,0,0,0,1,0,0,0,1,0,0,1,0,0,0,0,1,0,0,1,0,1,1,0,1,0,0,1,1,0,0,1,1,0
row_325,17.0,0.0,2.0,2.0,3.0,0.0,3.0,3.0,3.0,2.0,3.0,2.0,0.0,16.0,15.0,15.0,1,0,1,0,1,0,0,1,0,1,1,0,0,0,0,0,0,0,0,1,0,0,1,0,0,1,0,0,1,1,0,1,0,1,0,1,0,1,0,0,1,1,0
row_326,18.0,4.0,4.0,1.0,3.0,0.0,4.0,3.0,3.0,2.0,2.0,3.0,3.0,9.0,12.0,11.0,1,0,0,1,1,0,1,0,0,1,0,0,1,0,0,0,1,0,0,0,1,0,0,0,1,0,0,0,1,1,0,1,0,0,1,1,0,1,0,0,1,1,0
row_327,17.0,3.0,3.0,1.0,1.0,0.0,4.0,3.0,5.0,3.0,5.0,5.0,3.0,14.0,15.0,16.0,1,0,0,1,1,0,1,0,0,1,0,0,1,0,0,0,0,1,0,0,0,0,0,1,1,0,0,0,1,1,0,1,0,0,1,0,1,1,0,0,1,1,0
row_328,17.0,2.0,2.0,4.0,1.0,0.0,4.0,4.0,5.0,5.0,5.0,4.0,8.0,11.0,10.0,10.0,1,0,0,1,0,1,1,0,0,1,0,0,0,1,0,0,1,0,0,0,1,0,0,0,1,0,0,0,1,0,1,1,0,1,0,1,0,1,0,0,1,1,0
row_329,17.0,4.0,4.0,1.0,3.0,0.0,5.0,4.0,4.0,1.0,3.0,4.0,7.0,10.0,9.0,9.0,1,0,1,0,1,0,1,0,0,1,0,0,0,0,1,0,0,1,0,0,1,0,0,0,1,0,0,0,1,0,1,0,1,0,1,1,0,1,0,0,1,1,0
row_330,17.0,4.0,4.0,2.0,3.0,0.0,4.0,3.0,3.0,1.0,2.0,4.0,4.0,14.0,14.0,14.0,1,0,1,0,1,0,1,0,0,1,0,0,0,0,1,1,0,0,0,0,1,0,0,0,1,0,0,0,1,0,1,0,1,1,0,0,1,1,0,0,1,0,1
row_331,18.0,2.0,2.0,1.0,4.0,0.0,4.0,5.0,5.0,2.0,4.0,5.0,2.0,9.0,8.0,8.0,1,0,0,1,1,0,0,1,0,1,0,0,1,0,0,0,1,0,0,0,1,0,0,0,1,0,0,0,1,0,1,1,0,0,1,1,0,1,0,0,1,1,0
row_332,17.0,2.0,4.0,1.0,3.0,0.0,4.0,4.0,3.0,1.0,1.0,5.0,7.0,12.0,14.0,14.0,1,0,1,0,0,1,1,0,0,1,1,0,0,0,0,0,1,0,0,0,1,0,0,0,0,1,0,0,1,0,1,1,0,1,0,1,0,1,0,0,1,0,1
row_333,18.0,3.0,3.0,1.0,2.0,0.0,5.0,3.0,4.0,1.0,1.0,4.0,0.0,7.0,0.0,0.0,1,0,1,0,1,0,1,0,0,1,0,0,0,1,0,0,0,1,0,0,0,0,1,0,1,0,0,0,1,1,0,1,0,0,1,1,0,1,0,0,1,1,0
row_334,18.0,2.0,2.0,1.0,2.0,0.0,4.0,3.0,3.0,1.0,1.0,2.0,0.0,8.0,8.0,0.0,1,0,1,0,1,0,0,1,0,1,0,0,1,0,0,0,1,0,0,0,0,0,1,0,0,0,1,0,1,1,0,1,0,0,1,0,1,1,0,0,1,0,1
row_335,18.0,2.0,2.0,2.0,4.0,0.0,4.0,4.0,4.0,1.0,1.0,4.0,0.0,10.0,9.0,0.0,1,0,1,0,0,1,1,0,0,1,1,0,0,0,0,0,1,0,0,0,1,0,0,0,1,0,0,0,1,1,0,1,0,0,1,1,0,1,0,1,0,1,0
row_336,17.0,3.0,4.0,1.0,3.0,0.0,4.0,4.0,5.0,1.0,3.0,5.0,16.0,16.0,15.0,15.0,1,0,1,0,1,0,1,0,0,1,0,0,0,1,0,0,1,0,0,0,1,0,0,0,1,0,0,0,1,1,0,1,0,1,0,1,0,1,0,0,1,1,0
row_337,19.0,3.0,1.0,1.0,3.0,1.0,5.0,4.0,3.0,1.0,2.0,5.0,12.0,14.0,13.0,13.0,1,0,1,0,0,1,1,0,1,0,0,0,0,1,0,0,0,0,0,1,0,0,1,0,0,0,1,0,1,1,0,0,1,1,0,1,0,1,0,1,0,1,0
row_338,17.0,3.0,2.0,1.0,2.0,0.0,4.0,3.0,2.0,2.0,3.0,2.0,0.0,7.0,8.0,0.0,1,0,1,0,1,0,1,0,0,1,0,0,1,0,0,0,1,0,0,0,0,0,1,0,1,0,0,0,1,0,1,0,1,1,0,1,0,1,0,0,1,0,1
row_339,18.0,3.0,3.0,1.0,4.0,0.0,5.0,3.0,3.0,1.0,1.0,1.0,7.0,16.0,15.0,17.0,1,0,1,0,1,0,0,1,0,1,0,0,0,1,0,0,0,1,0,0,0,0,1,0,1,0,0,0,1,0,1,1,0,1,0,1,0,1,0,0,1,1,0
row_340,17.0,3.0,2.0,1.0,2.0,0.0,4.0,3.0,3.0,2.0,3.0,2.0,4.0,9.0,10.0,10.0,1,0,1,0,0,1,1,0,1,0,0,0,1,0,0,0,1,0,0,0,0,0,1,0,1,0,0,0,1,0,1,0,1,1,0,1,0,1,0,0,1,1,0
row_341,19.0,2.0,1.0,1.0,3.0,1.0,4.0,3.0,4.0,1.0,3.0,3.0,4.0,11.0,12.0,11.0,1,0,1,0,1,0,1,0,0,1,0,0,0,1,0,0,0,1,0,0,0,0,1,0,0,0,1,0,1,1,0,0,1,0,1,1,0,1,0,0,1,0,1
row_342,18.0,4.0,4.0,1.0,2.0,1.0,4.0,3.0,3.0,2.0,2.0,2.0,0.0,10.0,10.0,0.0,1,0,0,1,1,0,1,0,0,1,0,0,0,0,1,0,0,1,0,0,0,0,1,0,0,1,0,0,1,0,1,1,0,0,1,1,0,1,0,0,1,1,0
row_343,18.0,3.0,4.0,1.0,2.0,0.0,4.0,3.0,3.0,1.0,3.0,5.0,11.0,16.0,15.0,15.0,1,0,0,1,1,0,0,1,0,1,0,0,0,1,0,0,1,0,0,0,0,0,1,0,1,0,0,0,1,1,0,1,0,0,1,1,0,1,0,0,1,0,1
row_344,17.0,2.0,2.0,1.0,2.0,1.0,3.0,3.0,1.0,1.0,2.0,4.0,0.0,9.0,8.0,0.0,1,0,1,0,1,0,1,0,1,0,1,0,0,0,0,0,0,0,0,1,0,0,1,0,0,1,0,0,1,0,1,1,0,1,0,1,0,1,0,0,1,0,1
row_345,18.0,2.0,3.0,1.0,3.0,0.0,4.0,3.0,3.0,1.0,2.0,3.0,4.0,11.0,10.0,10.0,1,0,1,0,1,0,1,0,0,1,1,0,0,0,0,0,1,0,0,0,1,0,0,0,1,0,0,0,1,0,1,1,0,1,0,1,0,1,0,0,1,1,0
row_346,18.0,3.0,2.0,1.0,3.0,0.0,5.0,4.0,3.0,2.0,3.0,1.0,7.0,13.0,13.0,14.0,1,0,1,0,1,0,1,0,0,1,0,0,1,0,0,0,0,1,0,0,0,1,0,0,1,0,0,0,1,1,0,1,0,1,0,1,0,1,0,0,1,0,1
row_347,18.0,4.0,3.0,1.0,3.0,0.0,5.0,3.0,2.0,1.0,2.0,4.0,9.0,16.0,15.0,16.0,1,0,0,1,0,1,1,0,0,1,0,0,0,0,1,0,0,1,0,0,1,0,0,0,1,0,0,0,1,1,0,1,0,1,0,1,0,1,0,0,1,0,1
row_348,18.0,4.0,3.0,1.0,3.0,0.0,5.0,4.0,5.0,2.0,3.0,5.0,0.0,10.0,10.0,9.0,1,0,0,1,1,0,1,0,0,1,0,0,0,0,1,0,1,0,0,0,1,0,0,0,1,0,0,0,1,0,1,0,1,1,0,1,0,1,0,0,1,0,1
row_349,17.0,4.0,3.0,1.0,3.0,0.0,4.0,4.0,3.0,1.0,3.0,4.0,0.0,13.0,15.0,15.0,1,0,1,0,1,0,1,0,0,1,0,1,0,0,0,0,1,0,0,0,0,0,0,1,1,0,0,0,1,0,1,0,1,0,1,1,0,1,0,0,1,0,1
row_350,18.0,3.0,2.0,2.0,1.0,1.0,2.0,5.0,5.0,5.0,5.0,5.0,10.0,11.0,13.0,13.0,0,1,0,1,0,1,1,0,0,1,0,0,1,0,0,0,1,0,0,0,1,0,0,0,1,0,0,0,1,0,1,1,0,1,0,0,1,1,0,0,1,1,0
row_351,19.0,1.0,1.0,3.0,2.0,3.0,5.0,4.0,4.0,3.0,3.0,2.0,8.0,8.0,7.0,8.0,0,1,0,1,0,1,1,0,0,1,0,0,1,0,0,0,0,1,0,0,0,0,1,0,0,0,1,0,1,1,0,1,0,1,0,1,0,1,0,0,1,1,0
row_352,17.0,3.0,3.0,2.0,2.0,0.0,4.0,5.0,4.0,2.0,3.0,3.0,2.0,13.0,13.0,13.0,0,1,0,1,1,0,1,0,0,1,0,1,0,0,0,0,1,0,0,0,1,0,0,0,1,0,0,0,1,0,1,0,1,1,0,1,0,1,0,0,1,1,0
row_353,18.0,1.0,3.0,1.0,1.0,1.0,4.0,3.0,3.0,2.0,3.0,3.0,7.0,8.0,7.0,8.0,0,1,0,1,1,0,0,1,0,1,1,0,0,0,0,0,0,1,0,0,1,0,0,0,1,0,0,0,1,1,0,1,0,1,0,1,0,0,1,0,1,0,1
row_354,19.0,1.0,1.0,3.0,1.0,1.0,4.0,4.0,4.0,3.0,3.0,5.0,4.0,8.0,8.0,8.0,0,1,0,1,0,1,1,0,0,1,0,0,1,0,0,0,1,0,0,0,0,0,1,0,0,0,1,0,1,0,1,1,0,1,0,1,0,1,0,0,1,1,0
row_355,17.0,4.0,3.0,2.0,2.0,0.0,4.0,5.0,5.0,1.0,3.0,2.0,4.0,13.0,11.0,11.0,0,1,0,1,0,1,1,0,0,1,0,0,0,1,0,0,1,0,0,0,0,0,1,0,1,0,0,0,1,0,1,0,1,0,1,0,1,1,0,0,1,0,1
row_356,18.0,3.0,3.0,1.0,2.0,0.0,5.0,3.0,4.0,1.0,1.0,5.0,0.0,10.0,9.0,9.0,0,1,1,0,1,0,1,0,0,1,0,0,0,1,0,0,0,1,0,0,1,0,0,0,0,1,0,0,1,0,1,1,0,1,0,1,0,1,0,1,0,0,1
row_357,17.0,4.0,4.0,2.0,2.0,0.0,4.0,3.0,3.0,1.0,2.0,5.0,4.0,12.0,13.0,13.0,0,1,1,0,0,1,1,0,0,1,0,0,0,0,1,0,0,1,0,0,0,1,0,0,0,1,0,0,1,0,1,0,1,0,1,1,0,1,0,0,1,1,0
row_358,17.0,3.0,2.0,2.0,2.0,0.0,1.0,2.0,3.0,1.0,2.0,5.0,2.0,12.0,12.0,11.0,0,1,1,0,1,0,0,1,1,0,0,0,0,1,0,0,1,0,0,0,0,0,0,1,1,0,0,0,1,1,0,1,0,1,0,1,0,1,0,1,0,0,1
row_359,18.0,1.0,1.0,2.0,1.0,0.0,3.0,3.0,2.0,1.0,2.0,3.0,4.0,10.0,10.0,10.0,0,1,0,1,1,0,0,1,0,1,0,0,1,0,0,0,0,1,0,0,0,0,1,0,0,1,0,0,1,1,0,1,0,1,0,0,1,1,0,0,1,0,1
row_360,18.0,1.0,1.0,2.0,3.0,0.0,5.0,3.0,2.0,1.0,1.0,4.0,0.0,18.0,16.0,16.0,0,1,1,0,1,0,0,1,0,1,1,0,0,0,0,0,0,1,0,0,1,0,0,0,0,1,0,0,1,1,0,1,0,1,0,1,0,1,0,0,1,1,0
row_361,18.0,1.0,4.0,3.0,2.0,0.0,4.0,3.0,4.0,1.0,4.0,5.0,0.0,13.0,13.0,13.0,0,1,1,0,0,1,0,1,1,0,1,0,0,0,0,0,1,0,0,0,1,0,0,0,1,0,0,0,1,1,0,1,0,1,0,1,0,1,0,1,0,0,1
row_362,18.0,1.0,1.0,2.0,2.0,1.0,4.0,4.0,3.0,2.0,3.0,5.0,2.0,13.0,12.0,12.0,0,1,0,1,0,1,0,1,0,1,1,0,0,0,0,0,1,0,0,0,0,1,0,0,1,0,0,0,1,1,0,1,0,0,1,0,1,0,1,1,0,1,0
row_363,18.0,3.0,3.0,2.0,2.0,0.0,4.0,3.0,2.0,1.0,3.0,3.0,0.0,11.0,11.0,10.0,0,1,1,0,1,0,1,0,0,1,0,0,0,1,0,0,0,1,0,0,0,1,0,0,1,0,0,0,1,0,1,1,0,1,0,1,0,1,0,0,1,0,1
row_364,17.0,4.0,4.0,1.0,2.0,0.0,2.0,3.0,4.0,1.0,1.0,1.0,0.0,16.0,15.0,15.0,0,1,1,0,1,0,0,1,0,1,1,0,0,0,0,0,0,0,0,1,1,0,0,0,1,0,0,0,1,0,1,0,1,0,1,1,0,1,0,0,1,0,1
row_365,17.0,1.0,2.0,2.0,2.0,0.0,3.0,2.0,2.0,1.0,2.0,3.0,0.0,12.0,11.0,12.0,0,1,1,0,0,1,1,0,0,1,0,0,1,0,0,0,0,1,0,0,1,0,0,0,0,1,0,0,1,1,0,1,0,1,0,0,1,1,0,1,0,1,0
row_366,18.0,1.0,3.0,2.0,2.0,0.0,3.0,3.0,4.0,2.0,4.0,3.0,4.0,10.0,10.0,10.0,0,1,0,1,0,1,1,0,0,1,1,0,0,0,0,0,1,0,0,0,1,0,0,0,1,0,0,0,1,0,1,0,1,1,0,1,0,1,0,1,0,1,0
row_367,18.0,4.0,4.0,2.0,3.0,0.0,4.0,2.0,2.0,2.0,2.0,5.0,0.0,13.0,13.0,13.0,0,1,0,1,1,0,0,1,0,1,0,0,0,0,1,0,0,1,0,0,0,1,0,0,1,0,0,0,1,1,0,0,1,1,0,1,0,1,0,0,1,0,1
row_368,17.0,1.0,1.0,3.0,1.0,1.0,5.0,2.0,1.0,1.0,2.0,1.0,0.0,7.0,6.0,0.0,0,1,1,0,0,1,1,0,0,1,0,0,1,0,0,0,0,1,0,0,0,0,0,1,1,0,0,0,1,0,1,0,1,1,0,1,0,1,0,0,1,0,1
row_369,18.0,2.0,3.0,2.0,1.0,0.0,5.0,2.0,3.0,1.0,2.0,4.0,0.0,11.0,10.0,10.0,0,1,1,0,1,0,1,0,0,1,1,0,0,0,0,0,0,1,0,0,1,0,0,0,0,1,0,0,1,0,1,0,1,1,0,1,0,1,0,0,1,0,1
row_370,18.0,4.0,4.0,3.0,2.0,0.0,3.0,2.0,2.0,4.0,2.0,5.0,10.0,14.0,12.0,11.0,0,1,1,0,0,1,1,0,0,1,0,0,1,0,0,1,0,0,0,0,0,1,0,0,0,1,0,0,1,0,1,0,1,1,0,0,1,1,0,0,1,0,1
row_371,19.0,3.0,2.0,2.0,2.0,2.0,3.0,2.0,2.0,1.0,1.0,3.0,4.0,7.0,7.0,9.0,0,1,1,0,1,0,0,1,0,1,0,0,0,1,0,0,0,1,0,0,0,0,1,0,0,0,1,0,1,1,0,1,0,0,1,1,0,1,0,1,0,0,1
row_372,18.0,1.0,2.0,3.0,1.0,0.0,4.0,3.0,3.0,2.0,3.0,3.0,3.0,14.0,12.0,12.0,0,1,0,1,0,1,0,1,0,1,1,0,0,0,0,0,0,1,0,0,0,1,0,0,0,1,0,0,1,0,1,0,1,0,1,1,0,0,1,0,1,0,1
row_373,17.0,2.0,2.0,1.0,3.0,0.0,3.0,4.0,3.0,1.0,1.0,3.0,8.0,13.0,11.0,11.0,0,1,1,0,1,0,1,0,0,1,0,0,1,0,0,0,0,0,0,1,0,0,1,0,1,0,0,0,1,1,0,1,0,0,1,1,0,1,0,1,0,0,1
row_374,17.0,1.0,2.0,1.0,1.0,0.0,3.0,5.0,5.0,1.0,3.0,1.0,14.0,6.0,5.0,5.0,0,1,1,0,0,1,1,0,0,1,0,0,1,0,0,0,1,0,0,0,1,0,0,0,1,0,0,0,1,1,0,1,0,0,1,1,0,1,0,0,1,1,0
row_375,18.0,4.0,4.0,2.0,3.0,0.0,5.0,4.0,4.0,1.0,1.0,1.0,0.0,19.0,18.0,19.0,0,1,1,0,0,1,0,1,0,1,0,0,1,0,0,0,1,0,0,0,0,0,0,1,1,0,0,0,1,1,0,1,0,1,0,1,0,1,0,0,1,1,0
row_376,18.0,1.0,1.0,4.0,3.0,0.0,4.0,3.0,2.0,1.0,2.0,4.0,2.0,8.0,8.0,10.0,0,1,1,0,0,1,1,0,0,1,0,0,1,0,0,0,1,0,0,0,0,0,1,0,1,0,0,0,1,1,0,1,0,1,0,1,0,1,0,0,1,1,0
row_377,20.0,4.0,2.0,2.0,3.0,2.0,5.0,4.0,3.0,1.0,1.0,3.0,4.0,15.0,14.0,15.0,0,1,1,0,1,0,1,0,0,1,0,1,0,0,0,0,1,0,0,0,1,0,0,0,0,0,1,0,1,0,1,0,1,1,0,0,1,1,0,0,1,0,1
row_378,18.0,4.0,4.0,1.0,2.0,0.0,5.0,4.0,3.0,3.0,4.0,2.0,4.0,8.0,9.0,10.0,0,1,1,0,0,1,0,1,0,1,0,0,0,0,1,0,0,1,0,0,1,0,0,0,1,0,0,0,1,1,0,0,1,0,1,1,0,1,0,0,1,1,0
row_379,18.0,3.0,3.0,1.0,2.0,0.0,4.0,1.0,3.0,1.0,2.0,1.0,0.0,15.0,15.0,15.0,0,1,1,0,1,0,1,0,0,1,0,0,1,0,0,0,1,0,0,0,0,0,1,0,1,0,0,0,1,1,0,0,1,1,0,1,0,1,0,0,1,0,1
row_380,17.0,3.0,1.0,1.0,2.0,0.0,4.0,5.0,4.0,2.0,3.0,1.0,17.0,10.0,10.0,10.0,0,1,1,0,0,1,1,0,0,1,1,0,0,0,0,0,1,0,0,0,0,0,0,1,1,0,0,0,1,0,1,0,1,0,1,0,1,1,0,0,1,1,0
row_381,18.0,4.0,4.0,1.0,2.0,0.0,3.0,2.0,4.0,1.0,4.0,2.0,4.0,15.0,14.0,14.0,0,1,0,1,1,0,1,0,0,1,0,0,0,0,1,1,0,0,0,0,0,0,1,0,0,1,0,0,1,1,0,0,1,0,1,0,1,1,0,0,1,1,0
row_382,18.0,2.0,1.0,2.0,1.0,0.0,4.0,4.0,3.0,1.0,3.0,5.0,5.0,7.0,6.0,7.0,0,1,0,1,0,1,1,0,0,1,0,0,1,0,0,0,1,0,0,0,0,1,0,0,1,0,0,0,1,1,0,1,0,0,1,0,1,1,0,0,1,0,1
row_383,17.0,2.0,3.0,2.0,2.0,0.0,4.0,4.0,3.0,1.0,1.0,3.0,2.0,11.0,11.0,10.0,0,1,0,1,1,0,1,0,0,1,0,0,1,0,0,0,0,1,0,0,0,0,1,0,0,1,0,0,1,1,0,1,0,0,1,1,0,1,0,0,1,1,0
row_384,19.0,1.0,1.0,2.0,1.0,1.0,4.0,3.0,2.0,1.0,3.0,5.0,0.0,6.0,5.0,0.0,0,1,0,1,0,1,1,0,0,1,0,0,1,0,0,0,0,1,0,0,0,1,0,0,1,0,0,0,1,1,0,1,0,1,0,1,0,1,0,1,0,1,0
row_385,18.0,4.0,2.0,2.0,1.0,1.0,5.0,4.0,3.0,4.0,3.0,3.0,14.0,6.0,5.0,5.0,0,1,0,1,0,1,1,0,0,1,0,0,1,0,0,0,1,0,0,0,0,0,1,0,0,1,0,0,1,1,0,0,1,1,0,1,0,1,0,1,0,1,0
row_386,18.0,2.0,2.0,2.0,3.0,0.0,5.0,3.0,3.0,1.0,3.0,4.0,2.0,10.0,9.0,10.0,0,1,1,0,0,1,1,0,0,1,1,0,0,0,0,0,1,0,0,0,0,1,0,0,1,0,0,0,1,1,0,0,1,1,0,1,0,1,0,1,0,1,0
row_387,18.0,4.0,4.0,3.0,1.0,0.0,4.0,4.0,3.0,2.0,2.0,5.0,7.0,6.0,5.0,6.0,0,1,1,0,0,1,1,0,0,1,0,0,0,0,1,0,0,0,0,1,0,0,0,1,1,0,0,0,1,0,1,0,1,0,1,1,0,1,0,0,1,0,1
row_388,19.0,2.0,3.0,1.0,3.0,1.0,5.0,4.0,2.0,1.0,2.0,5.0,0.0,7.0,5.0,0.0,0,1,1,0,0,1,1,0,0,1,0,0,0,1,0,0,1,0,0,0,1,0,0,0,1,0,0,0,1,1,0,1,0,0,1,0,1,1,0,0,1,1,0
row_389,18.0,3.0,1.0,1.0,2.0,0.0,4.0,3.0,4.0,1.0,1.0,1.0,0.0,7.0,9.0,8.0,0,1,1,0,1,0,0,1,0,1,0,0,0,0,1,0,0,1,0,0,1,0,0,0,1,0,0,0,1,0,1,0,1,1,0,1,0,1,0,0,1,1,0
row_390,18.0,1.0,1.0,2.0,2.0,1.0,1.0,1.0,1.0,1.0,1.0,5.0,0.0,6.0,5.0,0.0,0,1,1,0,1,0,1,0,0,1,0,0,1,0,0,0,1,0,0,0,1,0,0,0,1,0,0,0,1,1,0,1,0,0,1,1,0,1,0,1,0,1,0
row_391,20.0,2.0,2.0,1.0,2.0,2.0,5.0,5.0,4.0,4.0,5.0,4.0,11.0,9.0,9.0,9.0,0,1,0,1,1,0,0,1,1,0,0,0,0,1,0,0,0,1,0,0,1,0,0,0,0,0,1,0,1,0,1,0,1,1,0,1,0,1,0,1,0,1,0
row_392,17.0,3.0,1.0,2.0,1.0,0.0,2.0,4.0,5.0,3.0,4.0,2.0,3.0,14.0,16.0,16.0,0,1,0,1,1,0,0,1,0,1,0,0,0,1,0,0,0,1,0,0,1,0,0,0,1,0,0,0,1,1,0,1,0,1,0,0,1,1,0,0,1,1,0
row_393,21.0,1.0,1.0,1.0,1.0,3.0,5.0,5.0,3.0,3.0,3.0,3.0,3.0,10.0,8.0,7.0,0,1,0,1,0,1,1,0,0,1,0,0,1,0,0,0,1,0,0,0,1,0,0,0,0,0,1,0,1,1,0,1,0,1,0,0,1,1,0,1,0,1,0
row_394,18.0,3.0,2.0,3.0,1.0,0.0,4.0,4.0,1.0,3.0,4.0,5.0,0.0,11.0,12.0,10.0,0,1,0,1,0,1,0,1,0,1,0,0,0,1,0,0,1,0,0,0,1,0,0,0,1,0,0,0,1,1,0,1,0,1,0,0,1,1,0,0,1,1,0
row_395,19.0,1.0,1.0,1.0,1.0,0.0,3.0,2.0,3.0,3.0,3.0,5.0,5.0,8.0,9.0,9.0,0,1,0,1,1,0,0,1,0,1,0,0,1,0,0,0,0,0,0,1,1,0,0,0,0,1,0,0,1,1,0,1,0,1,0,1,0,1,0,0,1,1,0
